"country","daily","revenue"
"Afghanistan","2007-2-15","2.99"
"Afghanistan","2007-2-18","1.98"
"Afghanistan","2007-3-17","2.99"
"Afghanistan","2007-3-18","2.99"
"Afghanistan","2007-3-19","0.99"
"Afghanistan","2007-3-20","11.98"
"Afghanistan","2007-3-22","4.99"
"Afghanistan","2007-3-23","0.99"
"Afghanistan","2007-4-10","0.99"
"Afghanistan","2007-4-27","13.98"
"Afghanistan","2007-4-30","14.97"
"Afghanistan","2007-4-8","6.99"
"Afghanistan","2007-4-9","0.99"
"Algeria","2007-2-15","5.99"
"Algeria","2007-2-16","22.96"
"Algeria","2007-2-17","8.99"
"Algeria","2007-2-18","12.96"
"Algeria","2007-2-20","4.99"
"Algeria","2007-2-21","4.99"
"Algeria","2007-3-1","8.96"
"Algeria","2007-3-17","15.96"
"Algeria","2007-3-18","5.98"
"Algeria","2007-3-19","28.95"
"Algeria","2007-3-2","1.99"
"Algeria","2007-3-20","17.97"
"Algeria","2007-3-21","14.95"
"Algeria","2007-3-22","8.98"
"Algeria","2007-3-23","7.98"
"Algeria","2007-4-10","4.98"
"Algeria","2007-4-11","21.96"
"Algeria","2007-4-12","14.97"
"Algeria","2007-4-26","5.99"
"Algeria","2007-4-27","13.96"
"Algeria","2007-4-28","8.98"
"Algeria","2007-4-29","25.94"
"Algeria","2007-4-30","29.93"
"Algeria","2007-4-6","24.95"
"Algeria","2007-4-7","15.95"
"Algeria","2007-4-9","2.99"
"Algeria","2007-5-14","5.98"
"American Samoa","2007-3-16","2.99"
"American Samoa","2007-3-2","0.99"
"American Samoa","2007-3-21","0.99"
"American Samoa","2007-3-22","2.99"
"American Samoa","2007-4-27","8.98"
"American Samoa","2007-4-28","15.96"
"American Samoa","2007-4-29","4.99"
"American Samoa","2007-4-30","0.99"
"American Samoa","2007-4-5","0.99"
"American Samoa","2007-4-6","4.99"
"American Samoa","2007-4-7","2.99"
"Angola","2007-2-16","7.99"
"Angola","2007-2-17","7.98"
"Angola","2007-2-18","8.97"
"Angola","2007-2-19","7.99"
"Angola","2007-2-20","2.99"
"Angola","2007-3-1","8.97"
"Angola","2007-3-17","2.99"
"Angola","2007-3-18","8.98"
"Angola","2007-3-2","6.97"
"Angola","2007-3-20","15.97"
"Angola","2007-3-21","7.98"
"Angola","2007-3-22","1.99"
"Angola","2007-3-23","13.98"
"Angola","2007-4-11","5.98"
"Angola","2007-4-12","5.98"
"Angola","2007-4-27","11.98"
"Angola","2007-4-28","4.99"
"Angola","2007-4-29","7.97"
"Angola","2007-4-30","14.96"
"Angola","2007-4-6","5.98"
"Angola","2007-4-7","9.99"
"Angola","2007-4-8","11.98"
"Angola","2007-4-9","3.99"
"Anguilla","2007-2-15","3.99"
"Anguilla","2007-2-17","1.99"
"Anguilla","2007-2-18","7.98"
"Anguilla","2007-2-21","2.99"
"Anguilla","2007-3-1","1.98"
"Anguilla","2007-3-16","2.99"
"Anguilla","2007-3-17","2.99"
"Anguilla","2007-3-18","7.98"
"Anguilla","2007-3-19","9.98"
"Anguilla","2007-3-20","3.98"
"Anguilla","2007-3-21","4.99"
"Anguilla","2007-3-22","4.99"
"Anguilla","2007-3-23","4.99"
"Anguilla","2007-4-10","0.99"
"Anguilla","2007-4-11","7.98"
"Anguilla","2007-4-12","2.99"
"Anguilla","2007-4-27","5.98"
"Anguilla","2007-4-29","0.99"
"Anguilla","2007-4-30","13.96"
"Anguilla","2007-4-6","3.98"
"Anguilla","2007-4-8","0.99"
"Argentina","2007-2-15","53.88"
"Argentina","2007-2-16","6.97"
"Argentina","2007-2-17","22.94"
"Argentina","2007-2-18","11.96"
"Argentina","2007-2-19","36.92"
"Argentina","2007-2-20","21.94"
"Argentina","2007-2-21","10.98"
"Argentina","2007-3-1","49.88"
"Argentina","2007-3-16","2.99"
"Argentina","2007-3-17","28.93"
"Argentina","2007-3-18","37.90"
"Argentina","2007-3-19","26.91"
"Argentina","2007-3-2","74.86"
"Argentina","2007-3-20","53.86"
"Argentina","2007-3-21","77.81"
"Argentina","2007-3-22","56.85"
"Argentina","2007-3-23","45.91"
"Argentina","2007-4-10","29.92"
"Argentina","2007-4-11","37.90"
"Argentina","2007-4-12","39.89"
"Argentina","2007-4-26","9.98"
"Argentina","2007-4-27","71.81"
"Argentina","2007-4-28","52.87"
"Argentina","2007-4-29","50.87"
"Argentina","2007-4-30","140.66"
"Argentina","2007-4-5","5.98"
"Argentina","2007-4-6","59.89"
"Argentina","2007-4-7","53.86"
"Argentina","2007-4-8","41.93"
"Argentina","2007-4-9","54.84"
"Argentina","2007-5-14","26.91"
"Armenia","2007-2-19","4.99"
"Armenia","2007-2-21","7.99"
"Armenia","2007-3-1","10.98"
"Armenia","2007-3-17","6.98"
"Armenia","2007-3-18","0.99"
"Armenia","2007-3-21","7.99"
"Armenia","2007-3-23","4.99"
"Armenia","2007-4-26","4.99"
"Armenia","2007-4-27","6.98"
"Armenia","2007-4-28","17.96"
"Armenia","2007-4-29","2.99"
"Armenia","2007-4-30","16.97"
"Armenia","2007-4-6","2.99"
"Armenia","2007-4-7","9.99"
"Armenia","2007-4-8","7.98"
"Armenia","2007-5-14","2.99"
"Austria","2007-2-14","2.99"
"Austria","2007-2-15","5.99"
"Austria","2007-2-16","0.99"
"Austria","2007-2-17","4.99"
"Austria","2007-2-18","4.99"
"Austria","2007-2-19","3.98"
"Austria","2007-2-20","9.98"
"Austria","2007-2-21","5.98"
"Austria","2007-3-1","10.98"
"Austria","2007-3-17","4.97"
"Austria","2007-3-18","29.94"
"Austria","2007-3-19","10.98"
"Austria","2007-3-2","21.96"
"Austria","2007-3-20","9.97"
"Austria","2007-3-21","14.97"
"Austria","2007-3-22","9.96"
"Austria","2007-3-23","12.97"
"Austria","2007-4-10","12.96"
"Austria","2007-4-11","4.99"
"Austria","2007-4-12","4.99"
"Austria","2007-4-27","0.99"
"Austria","2007-4-28","2.99"
"Austria","2007-4-29","20.95"
"Austria","2007-4-30","31.93"
"Austria","2007-4-6","7.97"
"Austria","2007-4-7","4.99"
"Austria","2007-4-8","7.99"
"Austria","2007-4-9","16.96"
"Azerbaijan","2007-3-1","14.96"
"Azerbaijan","2007-3-18","12.97"
"Azerbaijan","2007-3-19","4.99"
"Azerbaijan","2007-3-2","7.99"
"Azerbaijan","2007-3-20","16.96"
"Azerbaijan","2007-3-21","3.98"
"Azerbaijan","2007-3-22","15.97"
"Azerbaijan","2007-3-23","9.97"
"Azerbaijan","2007-4-10","17.96"
"Azerbaijan","2007-4-11","0.99"
"Azerbaijan","2007-4-12","10.98"
"Azerbaijan","2007-4-26","8.97"
"Azerbaijan","2007-4-27","7.98"
"Azerbaijan","2007-4-29","4.99"
"Azerbaijan","2007-4-30","38.93"
"Azerbaijan","2007-4-6","4.99"
"Azerbaijan","2007-4-8","6.99"
"Azerbaijan","2007-4-9","6.97"
"Azerbaijan","2007-5-14","0.99"
"Bahrain","2007-2-15","7.99"
"Bahrain","2007-2-18","2.99"
"Bahrain","2007-2-19","2.99"
"Bahrain","2007-2-20","16.98"
"Bahrain","2007-3-1","4.99"
"Bahrain","2007-3-17","9.98"
"Bahrain","2007-3-22","2.99"
"Bahrain","2007-4-10","7.98"
"Bahrain","2007-4-11","4.99"
"Bahrain","2007-4-12","4.99"
"Bahrain","2007-4-27","4.99"
"Bahrain","2007-4-28","8.98"
"Bahrain","2007-4-29","4.99"
"Bahrain","2007-4-30","5.98"
"Bahrain","2007-4-8","12.97"
"Bahrain","2007-4-9","0.99"
"Bahrain","2007-5-14","2.99"
"Bangladesh","2007-2-18","15.97"
"Bangladesh","2007-2-19","4.99"
"Bangladesh","2007-2-20","10.99"
"Bangladesh","2007-3-1","16.94"
"Bangladesh","2007-3-16","2.99"
"Bangladesh","2007-3-17","4.97"
"Bangladesh","2007-3-18","23.96"
"Bangladesh","2007-3-19","21.96"
"Bangladesh","2007-3-2","13.96"
"Bangladesh","2007-3-20","35.95"
"Bangladesh","2007-3-21","10.97"
"Bangladesh","2007-3-22","22.94"
"Bangladesh","2007-4-10","6.98"
"Bangladesh","2007-4-26","1.99"
"Bangladesh","2007-4-27","24.96"
"Bangladesh","2007-4-28","36.94"
"Bangladesh","2007-4-29","9.98"
"Bangladesh","2007-4-30","35.89"
"Bangladesh","2007-4-6","2.99"
"Bangladesh","2007-4-7","25.95"
"Bangladesh","2007-4-8","2.99"
"Bangladesh","2007-4-9","14.94"
"Bangladesh","2007-5-14","2.99"
"Belarus","2007-2-15","2.99"
"Belarus","2007-2-16","5.99"
"Belarus","2007-2-17","0.99"
"Belarus","2007-2-18","1.98"
"Belarus","2007-2-19","7.98"
"Belarus","2007-2-20","7.98"
"Belarus","2007-2-21","2.99"
"Belarus","2007-3-1","16.95"
"Belarus","2007-3-16","7.99"
"Belarus","2007-3-17","16.96"
"Belarus","2007-3-18","9.98"
"Belarus","2007-3-19","10.98"
"Belarus","2007-3-2","23.95"
"Belarus","2007-3-20","2.99"
"Belarus","2007-3-21","9.98"
"Belarus","2007-3-22","4.98"
"Belarus","2007-3-23","11.98"
"Belarus","2007-4-10","11.98"
"Belarus","2007-4-11","7.98"
"Belarus","2007-4-12","17.98"
"Belarus","2007-4-26","1.99"
"Belarus","2007-4-27","17.97"
"Belarus","2007-4-28","4.98"
"Belarus","2007-4-29","6.98"
"Belarus","2007-4-30","19.94"
"Belarus","2007-4-8","11.97"
"Belarus","2007-4-9","18.96"
"Belarus","2007-5-14","2.99"
"Bolivia","2007-2-15","1.99"
"Bolivia","2007-2-16","4.98"
"Bolivia","2007-2-17","7.98"
"Bolivia","2007-2-18","9.97"
"Bolivia","2007-2-19","2.99"
"Bolivia","2007-2-21","15.98"
"Bolivia","2007-3-1","6.97"
"Bolivia","2007-3-16","2.99"
"Bolivia","2007-3-17","7.98"
"Bolivia","2007-3-18","11.98"
"Bolivia","2007-3-19","4.98"
"Bolivia","2007-3-2","6.99"
"Bolivia","2007-3-20","9.98"
"Bolivia","2007-3-21","7.98"
"Bolivia","2007-3-23","7.97"
"Bolivia","2007-4-12","4.99"
"Bolivia","2007-4-27","9.98"
"Bolivia","2007-4-28","10.98"
"Bolivia","2007-4-29","7.98"
"Bolivia","2007-4-7","6.98"
"Bolivia","2007-4-8","15.96"
"Bolivia","2007-4-9","6.99"
"Bolivia","2007-5-14","2.99"
"Brazil","2007-2-15","57.85"
"Brazil","2007-2-16","42.88"
"Brazil","2007-2-17","55.84"
"Brazil","2007-2-18","69.82"
"Brazil","2007-2-19","52.88"
"Brazil","2007-2-20","57.88"
"Brazil","2007-2-21","46.89"
"Brazil","2007-3-1","115.70"
"Brazil","2007-3-16","5.98"
"Brazil","2007-3-17","95.79"
"Brazil","2007-3-18","144.67"
"Brazil","2007-3-19","155.63"
"Brazil","2007-3-2","83.78"
"Brazil","2007-3-20","118.75"
"Brazil","2007-3-21","178.61"
"Brazil","2007-3-22","118.74"
"Brazil","2007-3-23","88.78"
"Brazil","2007-4-10","128.68"
"Brazil","2007-4-11","125.73"
"Brazil","2007-4-12","92.79"
"Brazil","2007-4-26","34.93"
"Brazil","2007-4-27","121.71"
"Brazil","2007-4-28","109.72"
"Brazil","2007-4-29","173.67"
"Brazil","2007-4-30","246.40"
"Brazil","2007-4-5","18.96"
"Brazil","2007-4-6","96.80"
"Brazil","2007-4-7","74.82"
"Brazil","2007-4-8","96.79"
"Brazil","2007-4-9","84.79"
"Brazil","2007-5-14","22.93"
"Brunei","2007-2-15","4.99"
"Brunei","2007-2-18","3.99"
"Brunei","2007-2-20","0.99"
"Brunei","2007-2-21","2.99"
"Brunei","2007-3-19","10.97"
"Brunei","2007-3-2","0.99"
"Brunei","2007-3-21","0.99"
"Brunei","2007-3-22","9.97"
"Brunei","2007-3-23","6.98"
"Brunei","2007-4-10","0.99"
"Brunei","2007-4-11","7.98"
"Brunei","2007-4-12","2.99"
"Brunei","2007-4-27","1.98"
"Brunei","2007-4-28","4.99"
"Brunei","2007-4-29","1.98"
"Brunei","2007-4-30","12.97"
"Brunei","2007-4-6","0.99"
"Brunei","2007-4-7","12.97"
"Brunei","2007-4-8","4.99"
"Brunei","2007-4-9","6.98"
"Brunei","2007-5-14","4.99"
"Bulgaria","2007-2-15","12.97"
"Bulgaria","2007-2-16","9.98"
"Bulgaria","2007-2-17","2.99"
"Bulgaria","2007-2-19","2.99"
"Bulgaria","2007-2-20","9.97"
"Bulgaria","2007-2-21","3.99"
"Bulgaria","2007-3-17","11.98"
"Bulgaria","2007-3-18","16.96"
"Bulgaria","2007-3-19","0.99"
"Bulgaria","2007-3-2","24.96"
"Bulgaria","2007-3-21","5.98"
"Bulgaria","2007-3-22","3.98"
"Bulgaria","2007-3-23","13.95"
"Bulgaria","2007-4-10","11.98"
"Bulgaria","2007-4-11","13.97"
"Bulgaria","2007-4-12","7.98"
"Bulgaria","2007-4-27","1.99"
"Bulgaria","2007-4-30","16.95"
"Bulgaria","2007-4-8","18.97"
"Bulgaria","2007-5-14","0.99"
"Cambodia","2007-2-14","4.99"
"Cambodia","2007-2-15","1.99"
"Cambodia","2007-2-16","10.99"
"Cambodia","2007-2-17","0.99"
"Cambodia","2007-2-18","3.99"
"Cambodia","2007-2-19","2.99"
"Cambodia","2007-2-20","3.98"
"Cambodia","2007-2-21","6.98"
"Cambodia","2007-3-1","4.99"
"Cambodia","2007-3-17","2.98"
"Cambodia","2007-3-18","2.98"
"Cambodia","2007-3-19","16.97"
"Cambodia","2007-3-22","0.99"
"Cambodia","2007-3-23","1.98"
"Cambodia","2007-4-10","4.98"
"Cambodia","2007-4-11","1.99"
"Cambodia","2007-4-12","13.98"
"Cambodia","2007-4-26","2.99"
"Cambodia","2007-4-27","14.97"
"Cambodia","2007-4-28","7.98"
"Cambodia","2007-4-29","13.97"
"Cambodia","2007-4-30","4.99"
"Cambodia","2007-4-6","17.96"
"Cambodia","2007-4-7","3.99"
"Cambodia","2007-4-8","5.98"
"Cambodia","2007-4-9","7.98"
"Cambodia","2007-5-14","9.96"
"Cameroon","2007-2-15","0.99"
"Cameroon","2007-2-16","14.97"
"Cameroon","2007-2-18","4.99"
"Cameroon","2007-2-19","4.98"
"Cameroon","2007-2-21","7.98"
"Cameroon","2007-3-1","0.99"
"Cameroon","2007-3-17","17.96"
"Cameroon","2007-3-18","17.96"
"Cameroon","2007-3-19","0.99"
"Cameroon","2007-3-2","15.96"
"Cameroon","2007-3-20","0.99"
"Cameroon","2007-3-21","5.98"
"Cameroon","2007-3-22","0.99"
"Cameroon","2007-3-23","9.98"
"Cameroon","2007-4-11","6.98"
"Cameroon","2007-4-12","7.97"
"Cameroon","2007-4-27","25.95"
"Cameroon","2007-4-28","16.96"
"Cameroon","2007-4-30","7.97"
"Cameroon","2007-4-7","4.99"
"Cameroon","2007-4-9","2.99"
"Cameroon","2007-5-14","6.97"
"Canada","2007-2-15","6.97"
"Canada","2007-2-16","4.98"
"Canada","2007-2-17","3.98"
"Canada","2007-2-18","30.95"
"Canada","2007-2-20","12.96"
"Canada","2007-2-21","15.96"
"Canada","2007-3-1","44.92"
"Canada","2007-3-17","28.95"
"Canada","2007-3-18","25.95"
"Canada","2007-3-19","34.95"
"Canada","2007-3-2","29.94"
"Canada","2007-3-20","39.91"
"Canada","2007-3-21","17.95"
"Canada","2007-3-22","18.95"
"Canada","2007-3-23","17.96"
"Canada","2007-4-10","5.98"
"Canada","2007-4-11","20.95"
"Canada","2007-4-26","6.99"
"Canada","2007-4-27","28.92"
"Canada","2007-4-28","24.95"
"Canada","2007-4-29","7.97"
"Canada","2007-4-30","57.88"
"Canada","2007-4-5","7.99"
"Canada","2007-4-6","16.95"
"Canada","2007-4-7","7.96"
"Canada","2007-4-8","8.97"
"Canada","2007-4-9","24.93"
"Canada","2007-5-14","3.98"
"Chad","2007-2-16","4.99"
"Chad","2007-2-21","4.99"
"Chad","2007-3-1","9.98"
"Chad","2007-3-17","19.97"
"Chad","2007-3-18","8.96"
"Chad","2007-3-20","5.98"
"Chad","2007-3-21","4.99"
"Chad","2007-3-22","12.98"
"Chad","2007-3-23","0.99"
"Chad","2007-4-10","9.98"
"Chad","2007-4-12","2.99"
"Chad","2007-4-29","7.98"
"Chad","2007-4-30","5.98"
"Chad","2007-4-7","4.99"
"Chad","2007-4-8","16.97"
"Chile","2007-2-15","15.97"
"Chile","2007-2-16","4.99"
"Chile","2007-2-17","7.98"
"Chile","2007-2-18","5.98"
"Chile","2007-2-19","4.99"
"Chile","2007-2-20","6.98"
"Chile","2007-2-21","4.98"
"Chile","2007-3-1","10.97"
"Chile","2007-3-17","18.96"
"Chile","2007-3-18","11.98"
"Chile","2007-3-19","14.97"
"Chile","2007-3-2","26.94"
"Chile","2007-3-20","16.97"
"Chile","2007-3-21","11.97"
"Chile","2007-3-22","11.98"
"Chile","2007-3-23","24.96"
"Chile","2007-4-10","17.94"
"Chile","2007-4-12","3.99"
"Chile","2007-4-26","9.99"
"Chile","2007-4-27","6.98"
"Chile","2007-4-28","3.99"
"Chile","2007-4-29","4.99"
"Chile","2007-4-30","10.98"
"Chile","2007-4-6","5.98"
"Chile","2007-4-7","12.98"
"Chile","2007-4-8","0.99"
"Chile","2007-4-9","22.96"
"China","2007-2-14","7.97"
"China","2007-2-15","102.75"
"China","2007-2-16","111.74"
"China","2007-2-17","115.69"
"China","2007-2-18","74.83"
"China","2007-2-19","130.72"
"China","2007-2-20","116.71"
"China","2007-2-21","82.82"
"China","2007-3-1","238.42"
"China","2007-3-16","23.94"
"China","2007-3-17","253.41"
"China","2007-3-18","181.54"
"China","2007-3-19","191.54"
"China","2007-3-2","223.50"
"China","2007-3-20","243.38"
"China","2007-3-21","274.30"
"China","2007-3-22","237.39"
"China","2007-3-23","194.52"
"China","2007-4-10","179.53"
"China","2007-4-11","132.61"
"China","2007-4-12","165.65"
"China","2007-4-26","11.96"
"China","2007-4-27","202.44"
"China","2007-4-28","162.55"
"China","2007-4-29","216.44"
"China","2007-4-30","638.64"
"China","2007-4-5","34.92"
"China","2007-4-6","175.56"
"China","2007-4-7","191.54"
"China","2007-4-8","117.63"
"China","2007-4-9","175.52"
"China","2007-5-14","40.87"
"Colombia","2007-2-15","9.97"
"Colombia","2007-2-16","14.96"
"Colombia","2007-2-17","10.97"
"Colombia","2007-2-18","7.98"
"Colombia","2007-2-19","15.97"
"Colombia","2007-2-20","12.98"
"Colombia","2007-3-1","34.95"
"Colombia","2007-3-16","2.99"
"Colombia","2007-3-17","8.98"
"Colombia","2007-3-18","37.93"
"Colombia","2007-3-19","30.91"
"Colombia","2007-3-2","23.95"
"Colombia","2007-3-20","29.93"
"Colombia","2007-3-21","38.93"
"Colombia","2007-3-22","32.92"
"Colombia","2007-3-23","10.97"
"Colombia","2007-4-10","23.94"
"Colombia","2007-4-11","15.96"
"Colombia","2007-4-12","33.93"
"Colombia","2007-4-26","4.99"
"Colombia","2007-4-27","12.97"
"Colombia","2007-4-28","13.96"
"Colombia","2007-4-29","38.91"
"Colombia","2007-4-30","61.85"
"Colombia","2007-4-5","4.99"
"Colombia","2007-4-6","30.94"
"Colombia","2007-4-7","15.96"
"Colombia","2007-4-8","38.94"
"Colombia","2007-4-9","23.94"
"Colombia","2007-5-14","14.97"
"Congo, The Democratic Republic of the","2007-2-15","10.96"
"Congo, The Democratic Republic of the","2007-2-17","1.98"
"Congo, The Democratic Republic of the","2007-2-18","4.99"
"Congo, The Democratic Republic of the","2007-2-20","5.99"
"Congo, The Democratic Republic of the","2007-2-21","4.99"
"Congo, The Democratic Republic of the","2007-3-1","20.93"
"Congo, The Democratic Republic of the","2007-3-17","17.97"
"Congo, The Democratic Republic of the","2007-3-18","0.99"
"Congo, The Democratic Republic of the","2007-3-19","15.97"
"Congo, The Democratic Republic of the","2007-3-2","12.98"
"Congo, The Democratic Republic of the","2007-3-20","10.97"
"Congo, The Democratic Republic of the","2007-3-21","5.99"
"Congo, The Democratic Republic of the","2007-3-22","3.98"
"Congo, The Democratic Republic of the","2007-3-23","4.99"
"Congo, The Democratic Republic of the","2007-4-11","11.98"
"Congo, The Democratic Republic of the","2007-4-12","5.99"
"Congo, The Democratic Republic of the","2007-4-27","0.99"
"Congo, The Democratic Republic of the","2007-4-28","7.98"
"Congo, The Democratic Republic of the","2007-4-29","2.99"
"Congo, The Democratic Republic of the","2007-4-6","6.99"
"Congo, The Democratic Republic of the","2007-4-7","4.99"
"Congo, The Democratic Republic of the","2007-4-9","2.99"
"Czech Republic","2007-2-17","7.99"
"Czech Republic","2007-2-19","7.98"
"Czech Republic","2007-3-1","3.99"
"Czech Republic","2007-3-18","6.98"
"Czech Republic","2007-3-2","3.99"
"Czech Republic","2007-3-20","8.99"
"Czech Republic","2007-3-21","18.97"
"Czech Republic","2007-3-22","2.99"
"Czech Republic","2007-4-10","9.99"
"Czech Republic","2007-4-11","9.98"
"Czech Republic","2007-4-12","12.98"
"Czech Republic","2007-4-27","1.99"
"Czech Republic","2007-4-28","2.99"
"Czech Republic","2007-4-29","9.97"
"Czech Republic","2007-4-30","2.99"
"Czech Republic","2007-4-6","2.99"
"Czech Republic","2007-4-8","3.98"
"Czech Republic","2007-4-9","12.98"
"Dominican Republic","2007-2-16","2.99"
"Dominican Republic","2007-2-18","5.99"
"Dominican Republic","2007-2-19","6.97"
"Dominican Republic","2007-2-20","14.97"
"Dominican Republic","2007-2-21","2.99"
"Dominican Republic","2007-3-1","28.92"
"Dominican Republic","2007-3-17","8.97"
"Dominican Republic","2007-3-18","18.97"
"Dominican Republic","2007-3-19","5.98"
"Dominican Republic","2007-3-2","15.95"
"Dominican Republic","2007-3-20","26.93"
"Dominican Republic","2007-3-21","0.99"
"Dominican Republic","2007-3-22","21.95"
"Dominican Republic","2007-3-23","5.99"
"Dominican Republic","2007-4-10","20.96"
"Dominican Republic","2007-4-11","9.98"
"Dominican Republic","2007-4-26","4.99"
"Dominican Republic","2007-4-28","5.98"
"Dominican Republic","2007-4-29","22.96"
"Dominican Republic","2007-4-30","24.95"
"Dominican Republic","2007-4-6","5.98"
"Dominican Republic","2007-4-7","2.99"
"Dominican Republic","2007-4-8","23.94"
"Dominican Republic","2007-4-9","12.97"
"Ecuador","2007-2-15","4.99"
"Ecuador","2007-2-16","10.97"
"Ecuador","2007-2-19","33.96"
"Ecuador","2007-2-20","4.98"
"Ecuador","2007-3-1","10.95"
"Ecuador","2007-3-17","10.98"
"Ecuador","2007-3-18","7.99"
"Ecuador","2007-3-19","16.96"
"Ecuador","2007-3-2","3.99"
"Ecuador","2007-3-20","12.98"
"Ecuador","2007-3-21","23.94"
"Ecuador","2007-3-22","38.93"
"Ecuador","2007-3-23","20.95"
"Ecuador","2007-4-10","0.99"
"Ecuador","2007-4-11","9.97"
"Ecuador","2007-4-12","26.96"
"Ecuador","2007-4-26","4.99"
"Ecuador","2007-4-27","17.96"
"Ecuador","2007-4-28","12.97"
"Ecuador","2007-4-29","9.97"
"Ecuador","2007-4-30","40.93"
"Ecuador","2007-4-5","2.98"
"Ecuador","2007-4-6","7.97"
"Ecuador","2007-4-7","9.98"
"Ecuador","2007-4-8","11.97"
"Ecuador","2007-4-9","8.97"
"Egypt","2007-2-14","7.99"
"Egypt","2007-2-15","11.97"
"Egypt","2007-2-16","11.97"
"Egypt","2007-2-17","11.96"
"Egypt","2007-2-18","20.95"
"Egypt","2007-2-19","19.96"
"Egypt","2007-2-20","18.97"
"Egypt","2007-2-21","17.96"
"Egypt","2007-3-1","40.91"
"Egypt","2007-3-16","10.98"
"Egypt","2007-3-17","5.98"
"Egypt","2007-3-18","25.95"
"Egypt","2007-3-19","26.94"
"Egypt","2007-3-2","33.92"
"Egypt","2007-3-20","13.97"
"Egypt","2007-3-21","38.90"
"Egypt","2007-3-22","29.93"
"Egypt","2007-3-23","28.92"
"Egypt","2007-4-10","7.98"
"Egypt","2007-4-11","24.94"
"Egypt","2007-4-12","8.96"
"Egypt","2007-4-27","54.89"
"Egypt","2007-4-28","46.92"
"Egypt","2007-4-29","28.93"
"Egypt","2007-4-30","22.91"
"Egypt","2007-4-6","14.97"
"Egypt","2007-4-7","26.94"
"Egypt","2007-4-8","16.97"
"Egypt","2007-4-9","26.94"
"Estonia","2007-2-15","6.97"
"Estonia","2007-2-19","4.99"
"Estonia","2007-2-21","13.98"
"Estonia","2007-3-1","9.98"
"Estonia","2007-3-17","11.98"
"Estonia","2007-3-18","2.99"
"Estonia","2007-3-19","3.98"
"Estonia","2007-3-2","7.98"
"Estonia","2007-3-20","3.98"
"Estonia","2007-3-22","4.99"
"Estonia","2007-3-23","5.98"
"Estonia","2007-4-10","5.98"
"Estonia","2007-4-11","2.99"
"Estonia","2007-4-28","3.99"
"Estonia","2007-4-30","1.99"
"Estonia","2007-4-5","4.99"
"Estonia","2007-4-6","0.99"
"Estonia","2007-4-8","6.99"
"Ethiopia","2007-2-15","6.99"
"Ethiopia","2007-2-16","2.99"
"Ethiopia","2007-2-18","2.99"
"Ethiopia","2007-2-20","4.99"
"Ethiopia","2007-3-1","4.99"
"Ethiopia","2007-3-17","9.98"
"Ethiopia","2007-3-18","7.98"
"Ethiopia","2007-3-2","0.99"
"Ethiopia","2007-3-20","12.98"
"Ethiopia","2007-3-21","12.97"
"Ethiopia","2007-4-11","3.98"
"Ethiopia","2007-4-28","5.97"
"Ethiopia","2007-4-29","9.99"
"Ethiopia","2007-4-30","0.99"
"Ethiopia","2007-4-6","2.99"
"Faroe Islands","2007-3-1","2.99"
"Faroe Islands","2007-3-17","10.98"
"Faroe Islands","2007-3-18","2.99"
"Faroe Islands","2007-3-19","4.99"
"Faroe Islands","2007-3-20","5.99"
"Faroe Islands","2007-3-21","8.97"
"Faroe Islands","2007-3-22","7.98"
"Faroe Islands","2007-4-10","8.98"
"Faroe Islands","2007-4-27","2.99"
"Faroe Islands","2007-4-28","2.99"
"Faroe Islands","2007-4-29","7.98"
"Faroe Islands","2007-4-30","16.97"
"Faroe Islands","2007-4-7","9.98"
"Faroe Islands","2007-4-8","0.99"
"Faroe Islands","2007-5-14","0.99"
"Finland","2007-3-1","6.99"
"Finland","2007-3-17","0.99"
"Finland","2007-3-18","8.99"
"Finland","2007-3-19","5.98"
"Finland","2007-3-2","7.98"
"Finland","2007-3-21","0.99"
"Finland","2007-3-22","8.98"
"Finland","2007-3-23","4.99"
"Finland","2007-4-12","0.99"
"Finland","2007-4-28","8.98"
"Finland","2007-4-29","5.99"
"Finland","2007-4-5","0.99"
"Finland","2007-4-6","2.99"
"Finland","2007-4-7","2.99"
"Finland","2007-4-8","3.99"
"Finland","2007-4-9","5.98"
"France","2007-2-14","4.99"
"France","2007-2-15","8.98"
"France","2007-2-16","0.99"
"France","2007-2-17","3.98"
"France","2007-2-18","11.96"
"France","2007-2-19","7.98"
"France","2007-2-20","10.95"
"France","2007-2-21","2.99"
"France","2007-3-16","4.99"
"France","2007-3-17","13.96"
"France","2007-3-18","3.99"
"France","2007-3-19","16.95"
"France","2007-3-2","11.96"
"France","2007-3-20","3.98"
"France","2007-3-21","13.96"
"France","2007-3-22","10.97"
"France","2007-4-10","6.98"
"France","2007-4-11","17.96"
"France","2007-4-12","9.98"
"France","2007-4-27","8.97"
"France","2007-4-29","26.95"
"France","2007-4-30","53.89"
"France","2007-4-6","24.95"
"France","2007-4-7","14.97"
"France","2007-4-8","23.94"
"France","2007-4-9","10.96"
"France","2007-5-14","0.99"
"French Guiana","2007-2-17","7.99"
"French Guiana","2007-2-20","4.99"
"French Guiana","2007-3-17","10.98"
"French Guiana","2007-3-18","6.99"
"French Guiana","2007-3-2","19.97"
"French Guiana","2007-3-20","0.99"
"French Guiana","2007-3-21","7.98"
"French Guiana","2007-4-10","3.99"
"French Guiana","2007-4-12","0.99"
"French Guiana","2007-4-28","6.99"
"French Guiana","2007-4-29","7.98"
"French Guiana","2007-4-30","3.99"
"French Guiana","2007-4-6","4.99"
"French Guiana","2007-4-7","4.99"
"French Guiana","2007-4-8","3.99"
"French Polynesia","2007-2-15","4.99"
"French Polynesia","2007-2-16","6.99"
"French Polynesia","2007-2-17","0.99"
"French Polynesia","2007-2-18","4.99"
"French Polynesia","2007-2-20","0.99"
"French Polynesia","2007-3-1","7.98"
"French Polynesia","2007-3-17","9.98"
"French Polynesia","2007-3-18","6.98"
"French Polynesia","2007-3-2","10.98"
"French Polynesia","2007-3-20","14.98"
"French Polynesia","2007-3-21","12.96"
"French Polynesia","2007-3-22","9.98"
"French Polynesia","2007-3-23","17.97"
"French Polynesia","2007-4-10","7.98"
"French Polynesia","2007-4-12","4.98"
"French Polynesia","2007-4-27","7.98"
"French Polynesia","2007-4-28","13.97"
"French Polynesia","2007-4-29","5.98"
"French Polynesia","2007-4-30","4.99"
"French Polynesia","2007-4-6","12.97"
"French Polynesia","2007-4-7","3.99"
"French Polynesia","2007-4-8","7.98"
"French Polynesia","2007-4-9","14.97"
"French Polynesia","2007-5-14","8.97"
"Gambia","2007-2-15","3.99"
"Gambia","2007-2-21","6.99"
"Gambia","2007-3-16","6.99"
"Gambia","2007-3-18","17.97"
"Gambia","2007-3-19","2.99"
"Gambia","2007-3-2","10.97"
"Gambia","2007-3-20","5.99"
"Gambia","2007-3-21","10.98"
"Gambia","2007-3-22","1.99"
"Gambia","2007-3-23","0.99"
"Gambia","2007-4-26","0.99"
"Gambia","2007-4-27","7.98"
"Gambia","2007-4-28","4.99"
"Gambia","2007-4-29","4.99"
"Gambia","2007-4-30","12.97"
"Gambia","2007-4-6","10.98"
"Gambia","2007-4-7","0.99"
"Gambia","2007-4-8","0.99"
"Germany","2007-2-14","5.99"
"Germany","2007-2-15","8.98"
"Germany","2007-2-16","11.97"
"Germany","2007-2-17","17.95"
"Germany","2007-2-18","13.98"
"Germany","2007-2-19","9.97"
"Germany","2007-2-20","24.94"
"Germany","2007-2-21","39.93"
"Germany","2007-3-1","18.96"
"Germany","2007-3-16","4.99"
"Germany","2007-3-17","29.92"
"Germany","2007-3-18","17.94"
"Germany","2007-3-19","38.90"
"Germany","2007-3-2","19.96"
"Germany","2007-3-20","30.94"
"Germany","2007-3-21","36.92"
"Germany","2007-3-22","23.95"
"Germany","2007-3-23","43.89"
"Germany","2007-4-10","16.95"
"Germany","2007-4-11","17.96"
"Germany","2007-4-12","9.98"
"Germany","2007-4-26","4.99"
"Germany","2007-4-27","32.92"
"Germany","2007-4-28","14.95"
"Germany","2007-4-29","33.91"
"Germany","2007-4-30","79.84"
"Germany","2007-4-5","9.98"
"Germany","2007-4-6","33.94"
"Germany","2007-4-7","28.91"
"Germany","2007-4-8","19.94"
"Germany","2007-4-9","21.94"
"Germany","2007-5-14","14.95"
"Greece","2007-2-16","17.97"
"Greece","2007-2-17","6.99"
"Greece","2007-2-19","4.98"
"Greece","2007-3-1","14.96"
"Greece","2007-3-17","4.98"
"Greece","2007-3-18","9.98"
"Greece","2007-3-19","13.98"
"Greece","2007-3-2","4.99"
"Greece","2007-3-20","11.97"
"Greece","2007-3-21","9.98"
"Greece","2007-3-22","1.98"
"Greece","2007-3-23","9.98"
"Greece","2007-4-10","3.99"
"Greece","2007-4-11","8.97"
"Greece","2007-4-12","4.99"
"Greece","2007-4-27","16.98"
"Greece","2007-4-28","24.96"
"Greece","2007-4-29","2.99"
"Greece","2007-4-30","17.95"
"Greece","2007-4-7","4.99"
"Greece","2007-4-8","4.99"
"Greece","2007-5-14","0.99"
"Greenland","2007-2-17","3.99"
"Greenland","2007-3-1","4.98"
"Greenland","2007-3-17","13.98"
"Greenland","2007-3-2","9.97"
"Greenland","2007-3-20","25.96"
"Greenland","2007-3-23","1.99"
"Greenland","2007-4-10","0.99"
"Greenland","2007-4-11","5.99"
"Greenland","2007-4-12","0.99"
"Greenland","2007-4-27","11.98"
"Greenland","2007-4-29","5.99"
"Greenland","2007-4-30","2.99"
"Greenland","2007-4-6","15.97"
"Greenland","2007-4-8","7.97"
"Greenland","2007-4-9","5.98"
"Holy See (Vatican City State)","2007-2-15","5.99"
"Holy See (Vatican City State)","2007-2-16","4.99"
"Holy See (Vatican City State)","2007-2-17","9.99"
"Holy See (Vatican City State)","2007-2-18","15.97"
"Holy See (Vatican City State)","2007-2-19","4.99"
"Holy See (Vatican City State)","2007-3-1","3.99"
"Holy See (Vatican City State)","2007-3-17","5.99"
"Holy See (Vatican City State)","2007-3-19","4.99"
"Holy See (Vatican City State)","2007-3-2","7.97"
"Holy See (Vatican City State)","2007-3-21","23.96"
"Holy See (Vatican City State)","2007-3-22","2.99"
"Holy See (Vatican City State)","2007-3-23","7.99"
"Holy See (Vatican City State)","2007-4-11","4.98"
"Holy See (Vatican City State)","2007-4-27","0.99"
"Holy See (Vatican City State)","2007-4-28","4.99"
"Holy See (Vatican City State)","2007-4-30","0.99"
"Holy See (Vatican City State)","2007-4-7","20.95"
"Holy See (Vatican City State)","2007-4-8","10.98"
"Holy See (Vatican City State)","2007-4-9","2.99"
"Hong Kong","2007-3-1","7.99"
"Hong Kong","2007-3-17","2.98"
"Hong Kong","2007-3-18","7.99"
"Hong Kong","2007-3-19","17.96"
"Hong Kong","2007-3-20","7.98"
"Hong Kong","2007-3-21","4.99"
"Hong Kong","2007-3-22","4.99"
"Hong Kong","2007-4-10","5.98"
"Hong Kong","2007-4-11","3.99"
"Hong Kong","2007-4-12","7.99"
"Hong Kong","2007-4-27","10.97"
"Hong Kong","2007-4-30","2.99"
"Hong Kong","2007-4-6","2.99"
"Hong Kong","2007-4-8","0.99"
"Hong Kong","2007-4-9","13.98"
"Hungary","2007-2-14","6.99"
"Hungary","2007-2-15","8.98"
"Hungary","2007-2-19","0.99"
"Hungary","2007-2-20","7.99"
"Hungary","2007-3-1","3.98"
"Hungary","2007-3-17","0.99"
"Hungary","2007-3-18","0.99"
"Hungary","2007-3-19","4.98"
"Hungary","2007-3-2","8.99"
"Hungary","2007-3-20","3.99"
"Hungary","2007-4-26","0.99"
"Hungary","2007-4-27","9.97"
"Hungary","2007-4-29","3.98"
"Hungary","2007-4-30","15.97"
"Hungary","2007-4-6","14.98"
"Hungary","2007-4-7","12.97"
"Hungary","2007-4-8","2.99"
"Hungary","2007-5-14","0.99"
"India","2007-2-14","14.97"
"India","2007-2-15","99.75"
"India","2007-2-16","132.70"
"India","2007-2-17","65.85"
"India","2007-2-18","131.70"
"India","2007-2-19","80.77"
"India","2007-2-20","83.73"
"India","2007-2-21","57.85"
"India","2007-3-1","296.39"
"India","2007-3-16","18.93"
"India","2007-3-17","238.46"
"India","2007-3-18","341.28"
"India","2007-3-19","261.37"
"India","2007-3-2","256.38"
"India","2007-3-20","292.39"
"India","2007-3-21","371.21"
"India","2007-3-22","236.41"
"India","2007-3-23","234.41"
"India","2007-4-10","215.45"
"India","2007-4-11","194.50"
"India","2007-4-12","154.63"
"India","2007-4-26","47.90"
"India","2007-4-27","282.33"
"India","2007-4-28","247.36"
"India","2007-4-29","243.44"
"India","2007-4-30","625.64"
"India","2007-4-5","35.93"
"India","2007-4-6","186.56"
"India","2007-4-7","200.53"
"India","2007-4-8","170.59"
"India","2007-4-9","152.60"
"India","2007-5-14","62.77"
"Indonesia","2007-2-14","4.99"
"Indonesia","2007-2-15","30.92"
"Indonesia","2007-2-16","25.92"
"Indonesia","2007-2-17","18.94"
"Indonesia","2007-2-18","24.93"
"Indonesia","2007-2-19","51.89"
"Indonesia","2007-2-20","42.93"
"Indonesia","2007-2-21","16.95"
"Indonesia","2007-3-1","30.90"
"Indonesia","2007-3-16","4.99"
"Indonesia","2007-3-17","34.89"
"Indonesia","2007-3-18","29.87"
"Indonesia","2007-3-19","40.88"
"Indonesia","2007-3-2","70.83"
"Indonesia","2007-3-20","97.79"
"Indonesia","2007-3-21","95.77"
"Indonesia","2007-3-22","75.83"
"Indonesia","2007-3-23","40.88"
"Indonesia","2007-4-10","34.90"
"Indonesia","2007-4-11","49.90"
"Indonesia","2007-4-12","57.89"
"Indonesia","2007-4-27","58.83"
"Indonesia","2007-4-28","81.82"
"Indonesia","2007-4-29","80.84"
"Indonesia","2007-4-30","73.83"
"Indonesia","2007-4-6","36.89"
"Indonesia","2007-4-7","19.94"
"Indonesia","2007-4-8","57.89"
"Indonesia","2007-4-9","53.88"
"Indonesia","2007-5-14","5.98"
"Iran","2007-2-14","0.99"
"Iran","2007-2-15","14.98"
"Iran","2007-2-16","4.99"
"Iran","2007-2-17","13.96"
"Iran","2007-2-18","14.96"
"Iran","2007-2-19","16.94"
"Iran","2007-2-20","15.93"
"Iran","2007-2-21","29.95"
"Iran","2007-3-1","74.86"
"Iran","2007-3-16","2.99"
"Iran","2007-3-17","18.95"
"Iran","2007-3-18","46.90"
"Iran","2007-3-19","41.89"
"Iran","2007-3-2","22.93"
"Iran","2007-3-20","43.91"
"Iran","2007-3-21","42.92"
"Iran","2007-3-22","29.93"
"Iran","2007-3-23","24.94"
"Iran","2007-4-10","6.97"
"Iran","2007-4-11","18.93"
"Iran","2007-4-12","14.97"
"Iran","2007-4-26","2.99"
"Iran","2007-4-27","28.95"
"Iran","2007-4-28","78.82"
"Iran","2007-4-29","40.93"
"Iran","2007-4-30","89.80"
"Iran","2007-4-5","3.98"
"Iran","2007-4-6","20.96"
"Iran","2007-4-7","30.90"
"Iran","2007-4-8","41.92"
"Iran","2007-4-9","29.93"
"Iran","2007-5-14","4.99"
"Iraq","2007-2-18","9.98"
"Iraq","2007-2-20","2.99"
"Iraq","2007-3-17","6.99"
"Iraq","2007-3-18","5.99"
"Iraq","2007-3-2","3.99"
"Iraq","2007-3-20","2.99"
"Iraq","2007-3-21","5.97"
"Iraq","2007-3-23","5.98"
"Iraq","2007-4-11","4.99"
"Iraq","2007-4-12","8.98"
"Iraq","2007-4-26","8.99"
"Iraq","2007-4-27","2.99"
"Iraq","2007-4-29","1.98"
"Iraq","2007-4-30","24.95"
"Iraq","2007-4-8","12.98"
"Iraq","2007-5-14","0.99"
"Israel","2007-2-15","2.99"
"Israel","2007-2-16","3.98"
"Israel","2007-2-18","20.97"
"Israel","2007-2-19","13.98"
"Israel","2007-2-20","3.99"
"Israel","2007-2-21","4.99"
"Israel","2007-3-1","18.95"
"Israel","2007-3-17","8.97"
"Israel","2007-3-18","4.99"
"Israel","2007-3-19","12.98"
"Israel","2007-3-2","11.96"
"Israel","2007-3-20","7.98"
"Israel","2007-3-21","11.97"
"Israel","2007-3-22","27.93"
"Israel","2007-3-23","15.97"
"Israel","2007-4-10","7.98"
"Israel","2007-4-11","5.99"
"Israel","2007-4-12","14.97"
"Israel","2007-4-27","14.95"
"Israel","2007-4-28","0.99"
"Israel","2007-4-29","28.95"
"Israel","2007-4-30","42.89"
"Israel","2007-4-5","1.99"
"Israel","2007-4-6","16.96"
"Israel","2007-4-7","20.95"
"Israel","2007-4-8","15.97"
"Israel","2007-4-9","30.95"
"Israel","2007-5-14","2.99"
"Italy","2007-2-15","24.95"
"Italy","2007-2-16","8.97"
"Italy","2007-2-17","7.98"
"Italy","2007-2-18","5.98"
"Italy","2007-2-19","20.97"
"Italy","2007-2-20","17.97"
"Italy","2007-2-21","8.98"
"Italy","2007-3-1","29.90"
"Italy","2007-3-16","13.98"
"Italy","2007-3-17","39.91"
"Italy","2007-3-18","41.90"
"Italy","2007-3-19","39.93"
"Italy","2007-3-2","13.96"
"Italy","2007-3-20","22.93"
"Italy","2007-3-21","21.95"
"Italy","2007-3-22","67.86"
"Italy","2007-3-23","21.94"
"Italy","2007-4-10","32.93"
"Italy","2007-4-11","23.96"
"Italy","2007-4-12","20.94"
"Italy","2007-4-27","28.94"
"Italy","2007-4-28","39.91"
"Italy","2007-4-29","29.91"
"Italy","2007-4-30","56.84"
"Italy","2007-4-6","30.95"
"Italy","2007-4-7","15.97"
"Italy","2007-4-8","24.95"
"Italy","2007-4-9","33.92"
"Italy","2007-5-14","3.98"
"Japan","2007-2-14","9.98"
"Japan","2007-2-15","59.85"
"Japan","2007-2-16","58.86"
"Japan","2007-2-17","71.84"
"Japan","2007-2-18","81.83"
"Japan","2007-2-19","58.85"
"Japan","2007-2-20","58.82"
"Japan","2007-2-21","27.92"
"Japan","2007-3-1","147.63"
"Japan","2007-3-16","14.94"
"Japan","2007-3-17","115.73"
"Japan","2007-3-18","194.59"
"Japan","2007-3-19","147.64"
"Japan","2007-3-2","114.74"
"Japan","2007-3-20","147.66"
"Japan","2007-3-21","135.64"
"Japan","2007-3-22","149.66"
"Japan","2007-3-23","84.80"
"Japan","2007-4-10","136.69"
"Japan","2007-4-11","116.71"
"Japan","2007-4-12","70.78"
"Japan","2007-4-26","41.92"
"Japan","2007-4-27","155.66"
"Japan","2007-4-28","127.68"
"Japan","2007-4-29","105.71"
"Japan","2007-4-30","267.40"
"Japan","2007-4-5","4.98"
"Japan","2007-4-6","129.75"
"Japan","2007-4-7","76.83"
"Japan","2007-4-8","95.75"
"Japan","2007-4-9","88.76"
"Japan","2007-5-14","22.91"
"Kazakstan","2007-2-15","0.99"
"Kazakstan","2007-2-16","11.98"
"Kazakstan","2007-2-17","0.99"
"Kazakstan","2007-2-18","1.99"
"Kazakstan","2007-2-19","5.99"
"Kazakstan","2007-2-20","2.98"
"Kazakstan","2007-2-21","8.98"
"Kazakstan","2007-3-1","8.97"
"Kazakstan","2007-3-17","9.97"
"Kazakstan","2007-3-18","7.98"
"Kazakstan","2007-3-19","2.99"
"Kazakstan","2007-3-2","8.98"
"Kazakstan","2007-3-20","3.99"
"Kazakstan","2007-3-21","2.99"
"Kazakstan","2007-3-22","4.99"
"Kazakstan","2007-3-23","10.99"
"Kazakstan","2007-4-10","13.97"
"Kazakstan","2007-4-12","8.98"
"Kazakstan","2007-4-28","6.99"
"Kazakstan","2007-4-29","11.97"
"Kazakstan","2007-4-30","29.93"
"Kazakstan","2007-4-6","3.98"
"Kazakstan","2007-4-7","10.97"
"Kazakstan","2007-4-8","3.98"
"Kazakstan","2007-4-9","5.99"
"Kenya","2007-2-15","9.98"
"Kenya","2007-2-16","9.98"
"Kenya","2007-2-18","6.99"
"Kenya","2007-2-19","19.96"
"Kenya","2007-2-21","11.98"
"Kenya","2007-3-1","9.98"
"Kenya","2007-3-18","16.96"
"Kenya","2007-3-20","13.97"
"Kenya","2007-3-21","5.98"
"Kenya","2007-3-22","32.94"
"Kenya","2007-3-23","5.99"
"Kenya","2007-4-10","10.98"
"Kenya","2007-4-11","4.99"
"Kenya","2007-4-12","12.97"
"Kenya","2007-4-27","2.99"
"Kenya","2007-4-28","10.97"
"Kenya","2007-4-29","21.95"
"Kenya","2007-4-30","21.96"
"Kenya","2007-4-6","3.99"
"Kenya","2007-4-8","6.99"
"Kenya","2007-5-14","2.99"
"Kuwait","2007-2-15","3.99"
"Kuwait","2007-2-16","3.98"
"Kuwait","2007-2-17","10.98"
"Kuwait","2007-2-18","5.99"
"Kuwait","2007-2-20","11.98"
"Kuwait","2007-3-1","7.98"
"Kuwait","2007-3-17","3.99"
"Kuwait","2007-3-18","0.99"
"Kuwait","2007-3-19","13.97"
"Kuwait","2007-3-2","17.96"
"Kuwait","2007-3-22","8.98"
"Kuwait","2007-4-30","5.99"
"Kuwait","2007-4-8","8.98"
"Kuwait","2007-5-14","0.99"
"Latvia","2007-2-16","8.99"
"Latvia","2007-2-18","0.99"
"Latvia","2007-2-19","2.98"
"Latvia","2007-2-20","24.96"
"Latvia","2007-2-21","10.98"
"Latvia","2007-3-1","2.99"
"Latvia","2007-3-16","2.99"
"Latvia","2007-3-17","8.99"
"Latvia","2007-3-18","13.98"
"Latvia","2007-3-19","20.96"
"Latvia","2007-3-20","1.98"
"Latvia","2007-3-21","2.99"
"Latvia","2007-3-22","10.97"
"Latvia","2007-3-23","4.99"
"Latvia","2007-4-10","2.99"
"Latvia","2007-4-11","7.97"
"Latvia","2007-4-12","5.99"
"Latvia","2007-4-27","7.99"
"Latvia","2007-4-28","18.95"
"Latvia","2007-4-29","8.97"
"Latvia","2007-4-30","43.92"
"Latvia","2007-4-6","12.96"
"Latvia","2007-4-7","5.99"
"Latvia","2007-4-8","9.98"
"Latvia","2007-4-9","0.99"
"Latvia","2007-5-14","2.99"
"Liechtenstein","2007-2-17","6.98"
"Liechtenstein","2007-2-18","4.99"
"Liechtenstein","2007-2-20","7.99"
"Liechtenstein","2007-2-21","0.99"
"Liechtenstein","2007-3-19","6.98"
"Liechtenstein","2007-3-20","10.98"
"Liechtenstein","2007-3-23","10.98"
"Liechtenstein","2007-4-10","3.98"
"Liechtenstein","2007-4-12","11.97"
"Liechtenstein","2007-4-28","5.99"
"Liechtenstein","2007-4-30","12.94"
"Liechtenstein","2007-4-6","4.99"
"Liechtenstein","2007-4-7","4.99"
"Liechtenstein","2007-4-9","4.99"
"Lithuania","2007-2-16","0.99"
"Lithuania","2007-2-20","10.98"
"Lithuania","2007-3-18","4.98"
"Lithuania","2007-3-2","0.99"
"Lithuania","2007-3-20","5.98"
"Lithuania","2007-3-22","0.99"
"Lithuania","2007-3-23","6.98"
"Lithuania","2007-4-11","0.99"
"Lithuania","2007-4-12","9.97"
"Lithuania","2007-4-30","12.96"
"Lithuania","2007-4-8","2.98"
"Lithuania","2007-5-14","4.99"
"Madagascar","2007-2-19","7.98"
"Madagascar","2007-2-21","4.99"
"Madagascar","2007-3-1","0.99"
"Madagascar","2007-3-17","10.98"
"Madagascar","2007-3-20","5.99"
"Madagascar","2007-3-21","16.97"
"Madagascar","2007-3-22","5.99"
"Madagascar","2007-3-23","14.96"
"Madagascar","2007-4-27","4.99"
"Madagascar","2007-4-28","0.99"
"Madagascar","2007-4-30","3.99"
"Madagascar","2007-4-6","2.99"
"Madagascar","2007-4-8","9.99"
"Madagascar","2007-4-9","0.99"
"Malawi","2007-2-15","2.99"
"Malawi","2007-2-18","3.99"
"Malawi","2007-2-19","5.99"
"Malawi","2007-2-20","0.99"
"Malawi","2007-3-1","7.99"
"Malawi","2007-3-18","4.99"
"Malawi","2007-3-19","4.99"
"Malawi","2007-3-20","12.98"
"Malawi","2007-3-21","8.98"
"Malawi","2007-3-22","8.98"
"Malawi","2007-3-23","1.99"
"Malawi","2007-4-10","10.98"
"Malawi","2007-4-11","0.99"
"Malawi","2007-4-12","2.99"
"Malawi","2007-4-27","2.99"
"Malawi","2007-4-28","5.99"
"Malawi","2007-4-30","8.99"
"Malawi","2007-4-6","5.98"
"Malawi","2007-4-7","6.99"
"Malawi","2007-4-8","0.99"
"Malawi","2007-4-9","9.98"
"Malaysia","2007-2-16","0.99"
"Malaysia","2007-2-17","4.99"
"Malaysia","2007-2-18","15.97"
"Malaysia","2007-2-19","9.97"
"Malaysia","2007-2-20","0.99"
"Malaysia","2007-2-21","6.99"
"Malaysia","2007-3-1","16.96"
"Malaysia","2007-3-17","7.98"
"Malaysia","2007-3-18","21.97"
"Malaysia","2007-3-19","28.93"
"Malaysia","2007-3-2","12.97"
"Malaysia","2007-3-20","24.94"
"Malaysia","2007-3-21","24.96"
"Malaysia","2007-3-22","7.98"
"Malaysia","2007-3-23","8.98"
"Malaysia","2007-4-10","13.97"
"Malaysia","2007-4-12","6.97"
"Malaysia","2007-4-26","4.99"
"Malaysia","2007-4-27","30.95"
"Malaysia","2007-4-28","2.99"
"Malaysia","2007-4-29","2.97"
"Malaysia","2007-4-30","39.91"
"Malaysia","2007-4-6","15.96"
"Malaysia","2007-4-7","10.98"
"Malaysia","2007-4-8","1.99"
"Malaysia","2007-4-9","1.99"
"Malaysia","2007-5-14","0.99"
"Mexico","2007-2-15","51.83"
"Mexico","2007-2-16","72.83"
"Mexico","2007-2-17","114.78"
"Mexico","2007-2-18","51.87"
"Mexico","2007-2-19","60.90"
"Mexico","2007-2-20","32.90"
"Mexico","2007-2-21","60.87"
"Mexico","2007-3-1","131.66"
"Mexico","2007-3-16","13.96"
"Mexico","2007-3-17","120.70"
"Mexico","2007-3-18","150.67"
"Mexico","2007-3-19","124.67"
"Mexico","2007-3-2","147.67"
"Mexico","2007-3-20","128.68"
"Mexico","2007-3-21","85.75"
"Mexico","2007-3-22","123.64"
"Mexico","2007-3-23","110.71"
"Mexico","2007-4-10","96.82"
"Mexico","2007-4-11","103.80"
"Mexico","2007-4-12","107.72"
"Mexico","2007-4-27","128.71"
"Mexico","2007-4-28","113.72"
"Mexico","2007-4-29","105.77"
"Mexico","2007-4-30","231.35"
"Mexico","2007-4-5","6.99"
"Mexico","2007-4-6","88.78"
"Mexico","2007-4-7","118.74"
"Mexico","2007-4-8","156.64"
"Mexico","2007-4-9","127.75"
"Mexico","2007-5-14","13.94"
"Moldova","2007-2-15","2.99"
"Moldova","2007-2-19","3.98"
"Moldova","2007-2-20","4.99"
"Moldova","2007-2-21","3.99"
"Moldova","2007-3-1","6.99"
"Moldova","2007-3-17","5.98"
"Moldova","2007-3-18","1.99"
"Moldova","2007-3-2","6.98"
"Moldova","2007-3-21","14.97"
"Moldova","2007-3-23","8.98"
"Moldova","2007-4-10","2.99"
"Moldova","2007-4-12","5.99"
"Moldova","2007-4-26","0.99"
"Moldova","2007-4-27","16.97"
"Moldova","2007-4-28","0.99"
"Moldova","2007-4-30","13.95"
"Moldova","2007-4-7","12.97"
"Moldova","2007-4-8","4.99"
"Moldova","2007-4-9","5.98"
"Morocco","2007-2-16","4.99"
"Morocco","2007-2-18","10.98"
"Morocco","2007-2-20","15.96"
"Morocco","2007-2-21","9.97"
"Morocco","2007-3-1","8.97"
"Morocco","2007-3-17","16.95"
"Morocco","2007-3-18","10.98"
"Morocco","2007-3-19","21.95"
"Morocco","2007-3-2","9.99"
"Morocco","2007-3-20","11.97"
"Morocco","2007-3-21","13.98"
"Morocco","2007-3-22","12.97"
"Morocco","2007-3-23","18.96"
"Morocco","2007-4-10","11.97"
"Morocco","2007-4-11","4.99"
"Morocco","2007-4-12","0.99"
"Morocco","2007-4-27","7.98"
"Morocco","2007-4-28","13.96"
"Morocco","2007-4-29","7.98"
"Morocco","2007-4-30","32.92"
"Morocco","2007-4-7","2.99"
"Morocco","2007-4-8","4.98"
"Morocco","2007-4-9","11.98"
"Morocco","2007-5-14","4.99"
"Mozambique","2007-2-17","2.99"
"Mozambique","2007-2-19","5.98"
"Mozambique","2007-2-20","4.99"
"Mozambique","2007-2-21","0.99"
"Mozambique","2007-3-1","7.98"
"Mozambique","2007-3-16","6.99"
"Mozambique","2007-3-17","4.98"
"Mozambique","2007-3-18","6.99"
"Mozambique","2007-3-19","25.94"
"Mozambique","2007-3-2","5.98"
"Mozambique","2007-3-20","11.97"
"Mozambique","2007-3-21","16.97"
"Mozambique","2007-3-22","1.98"
"Mozambique","2007-3-23","14.96"
"Mozambique","2007-4-10","13.98"
"Mozambique","2007-4-11","5.99"
"Mozambique","2007-4-12","19.94"
"Mozambique","2007-4-27","24.94"
"Mozambique","2007-4-28","17.95"
"Mozambique","2007-4-29","21.95"
"Mozambique","2007-4-30","30.94"
"Mozambique","2007-4-6","8.97"
"Mozambique","2007-4-7","19.96"
"Mozambique","2007-4-8","17.97"
"Mozambique","2007-4-9","12.97"
"Myanmar","2007-2-15","4.99"
"Myanmar","2007-2-16","7.96"
"Myanmar","2007-2-17","6.97"
"Myanmar","2007-2-18","11.98"
"Myanmar","2007-2-19","15.97"
"Myanmar","2007-3-1","4.99"
"Myanmar","2007-3-16","4.99"
"Myanmar","2007-3-17","11.98"
"Myanmar","2007-3-18","8.99"
"Myanmar","2007-3-19","2.98"
"Myanmar","2007-3-2","6.97"
"Myanmar","2007-3-20","22.95"
"Myanmar","2007-3-21","11.97"
"Myanmar","2007-3-22","2.99"
"Myanmar","2007-3-23","17.96"
"Myanmar","2007-4-11","0.99"
"Myanmar","2007-4-28","9.97"
"Myanmar","2007-4-29","3.99"
"Myanmar","2007-4-30","14.97"
"Myanmar","2007-4-7","1.98"
"Myanmar","2007-4-9","2.99"
"Nauru","2007-2-16","2.99"
"Nauru","2007-2-18","7.99"
"Nauru","2007-2-19","1.99"
"Nauru","2007-3-17","3.99"
"Nauru","2007-3-18","13.97"
"Nauru","2007-3-2","9.97"
"Nauru","2007-3-20","10.98"
"Nauru","2007-3-22","24.96"
"Nauru","2007-3-23","5.99"
"Nauru","2007-4-10","7.99"
"Nauru","2007-4-11","4.99"
"Nauru","2007-4-28","0.99"
"Nauru","2007-4-29","25.96"
"Nauru","2007-4-30","6.98"
"Nauru","2007-4-6","0.99"
"Nauru","2007-4-7","12.97"
"Nepal","2007-3-17","17.97"
"Nepal","2007-3-18","4.99"
"Nepal","2007-3-20","6.99"
"Nepal","2007-3-23","12.98"
"Nepal","2007-4-10","8.99"
"Nepal","2007-4-11","2.99"
"Nepal","2007-4-12","5.99"
"Nepal","2007-4-29","6.99"
"Nepal","2007-4-30","0.99"
"Nepal","2007-4-6","10.98"
"Nepal","2007-4-7","10.98"
"Nepal","2007-4-9","2.99"
"Netherlands","2007-2-15","7.99"
"Netherlands","2007-2-16","18.97"
"Netherlands","2007-2-17","7.98"
"Netherlands","2007-2-18","7.98"
"Netherlands","2007-2-19","5.98"
"Netherlands","2007-2-20","22.96"
"Netherlands","2007-2-21","11.98"
"Netherlands","2007-3-1","26.94"
"Netherlands","2007-3-16","2.99"
"Netherlands","2007-3-17","28.94"
"Netherlands","2007-3-18","22.93"
"Netherlands","2007-3-19","28.93"
"Netherlands","2007-3-2","21.94"
"Netherlands","2007-3-20","19.97"
"Netherlands","2007-3-21","24.95"
"Netherlands","2007-3-22","24.94"
"Netherlands","2007-3-23","33.93"
"Netherlands","2007-4-10","6.95"
"Netherlands","2007-4-11","7.98"
"Netherlands","2007-4-12","27.95"
"Netherlands","2007-4-27","13.96"
"Netherlands","2007-4-28","25.96"
"Netherlands","2007-4-29","20.96"
"Netherlands","2007-4-30","45.89"
"Netherlands","2007-4-6","27.95"
"Netherlands","2007-4-7","16.95"
"Netherlands","2007-4-8","28.93"
"Netherlands","2007-4-9","12.96"
"Netherlands","2007-5-14","0.99"
"New Zealand","2007-2-15","2.99"
"New Zealand","2007-2-17","5.99"
"New Zealand","2007-2-20","4.99"
"New Zealand","2007-3-1","2.99"
"New Zealand","2007-3-18","2.99"
"New Zealand","2007-3-2","12.98"
"New Zealand","2007-3-20","0.99"
"New Zealand","2007-3-22","7.99"
"New Zealand","2007-3-23","7.98"
"New Zealand","2007-4-11","4.99"
"New Zealand","2007-4-12","0.99"
"New Zealand","2007-4-29","1.99"
"New Zealand","2007-4-30","3.98"
"New Zealand","2007-4-5","5.99"
"New Zealand","2007-4-6","0.99"
"New Zealand","2007-4-7","6.98"
"New Zealand","2007-4-8","3.99"
"New Zealand","2007-4-9","5.98"
"Nigeria","2007-2-15","16.97"
"Nigeria","2007-2-16","5.98"
"Nigeria","2007-2-17","21.95"
"Nigeria","2007-2-18","15.96"
"Nigeria","2007-2-19","36.92"
"Nigeria","2007-2-20","8.99"
"Nigeria","2007-2-21","8.98"
"Nigeria","2007-3-1","73.87"
"Nigeria","2007-3-16","2.99"
"Nigeria","2007-3-17","52.84"
"Nigeria","2007-3-18","24.91"
"Nigeria","2007-3-19","73.86"
"Nigeria","2007-3-2","36.92"
"Nigeria","2007-3-20","67.82"
"Nigeria","2007-3-21","57.87"
"Nigeria","2007-3-22","95.80"
"Nigeria","2007-3-23","55.89"
"Nigeria","2007-4-10","37.89"
"Nigeria","2007-4-11","45.91"
"Nigeria","2007-4-12","59.87"
"Nigeria","2007-4-26","5.98"
"Nigeria","2007-4-27","70.80"
"Nigeria","2007-4-28","58.85"
"Nigeria","2007-4-29","70.81"
"Nigeria","2007-4-30","76.79"
"Nigeria","2007-4-6","53.88"
"Nigeria","2007-4-7","52.90"
"Nigeria","2007-4-8","77.84"
"Nigeria","2007-4-9","35.91"
"Nigeria","2007-5-14","8.97"
"North Korea","2007-2-18","0.99"
"North Korea","2007-3-18","12.98"
"North Korea","2007-3-19","17.96"
"North Korea","2007-3-2","9.98"
"North Korea","2007-3-20","2.99"
"North Korea","2007-3-22","4.99"
"North Korea","2007-4-10","4.99"
"North Korea","2007-4-27","10.97"
"North Korea","2007-4-28","0.99"
"North Korea","2007-4-29","12.95"
"North Korea","2007-4-30","15.96"
"North Korea","2007-4-6","0.99"
"North Korea","2007-4-7","9.98"
"North Korea","2007-4-8","0.99"
"Oman","2007-2-15","6.99"
"Oman","2007-2-16","2.99"
"Oman","2007-2-18","7.98"
"Oman","2007-2-20","8.98"
"Oman","2007-2-21","5.98"
"Oman","2007-3-1","6.97"
"Oman","2007-3-16","0.99"
"Oman","2007-3-18","10.97"
"Oman","2007-3-19","2.99"
"Oman","2007-3-2","12.98"
"Oman","2007-3-21","7.99"
"Oman","2007-4-10","3.98"
"Oman","2007-4-11","15.96"
"Oman","2007-4-27","17.96"
"Oman","2007-4-28","10.97"
"Oman","2007-4-30","10.97"
"Oman","2007-4-6","3.98"
"Oman","2007-4-7","7.98"
"Oman","2007-4-8","5.97"
"Oman","2007-4-9","2.99"
"Oman","2007-5-14","4.99"
"Pakistan","2007-2-14","2.99"
"Pakistan","2007-2-15","12.97"
"Pakistan","2007-2-16","18.94"
"Pakistan","2007-2-17","3.99"
"Pakistan","2007-2-18","9.98"
"Pakistan","2007-2-19","8.99"
"Pakistan","2007-2-20","13.97"
"Pakistan","2007-2-21","9.98"
"Pakistan","2007-3-1","38.92"
"Pakistan","2007-3-16","6.99"
"Pakistan","2007-3-17","6.96"
"Pakistan","2007-3-18","8.99"
"Pakistan","2007-3-19","34.92"
"Pakistan","2007-3-2","33.93"
"Pakistan","2007-3-20","0.99"
"Pakistan","2007-3-21","22.95"
"Pakistan","2007-3-22","28.92"
"Pakistan","2007-3-23","24.93"
"Pakistan","2007-4-10","8.97"
"Pakistan","2007-4-11","22.95"
"Pakistan","2007-4-12","20.96"
"Pakistan","2007-4-27","10.98"
"Pakistan","2007-4-28","12.96"
"Pakistan","2007-4-29","25.93"
"Pakistan","2007-4-30","40.91"
"Pakistan","2007-4-5","5.99"
"Pakistan","2007-4-6","11.96"
"Pakistan","2007-4-7","9.96"
"Pakistan","2007-4-8","10.97"
"Pakistan","2007-4-9","0.99"
"Paraguay","2007-2-15","13.96"
"Paraguay","2007-2-16","1.98"
"Paraguay","2007-2-18","5.99"
"Paraguay","2007-2-19","4.99"
"Paraguay","2007-2-21","7.98"
"Paraguay","2007-3-17","4.98"
"Paraguay","2007-3-18","9.98"
"Paraguay","2007-3-2","4.99"
"Paraguay","2007-3-20","2.99"
"Paraguay","2007-3-21","40.91"
"Paraguay","2007-3-22","5.98"
"Paraguay","2007-3-23","21.95"
"Paraguay","2007-4-11","7.99"
"Paraguay","2007-4-12","9.99"
"Paraguay","2007-4-27","16.97"
"Paraguay","2007-4-28","13.97"
"Paraguay","2007-4-29","19.96"
"Paraguay","2007-4-30","21.96"
"Paraguay","2007-4-6","12.98"
"Paraguay","2007-4-7","27.94"
"Paraguay","2007-4-8","4.99"
"Paraguay","2007-4-9","9.97"
"Peru","2007-2-15","13.97"
"Peru","2007-2-18","16.95"
"Peru","2007-2-19","11.97"
"Peru","2007-2-20","1.99"
"Peru","2007-2-21","5.99"
"Peru","2007-3-1","13.97"
"Peru","2007-3-16","4.99"
"Peru","2007-3-17","22.95"
"Peru","2007-3-18","21.96"
"Peru","2007-3-19","24.93"
"Peru","2007-3-2","38.91"
"Peru","2007-3-20","18.96"
"Peru","2007-3-21","5.99"
"Peru","2007-3-22","17.96"
"Peru","2007-3-23","2.99"
"Peru","2007-4-10","12.96"
"Peru","2007-4-11","6.95"
"Peru","2007-4-12","11.96"
"Peru","2007-4-26","7.99"
"Peru","2007-4-27","13.97"
"Peru","2007-4-28","18.95"
"Peru","2007-4-29","5.99"
"Peru","2007-4-30","32.92"
"Peru","2007-4-5","0.99"
"Peru","2007-4-6","10.97"
"Peru","2007-4-7","17.97"
"Peru","2007-4-8","13.98"
"Peru","2007-4-9","21.94"
"Peru","2007-5-14","4.99"
"Philippines","2007-2-14","6.99"
"Philippines","2007-2-15","68.81"
"Philippines","2007-2-16","43.91"
"Philippines","2007-2-17","50.90"
"Philippines","2007-2-18","44.90"
"Philippines","2007-2-19","44.90"
"Philippines","2007-2-20","68.85"
"Philippines","2007-2-21","29.91"
"Philippines","2007-3-1","84.81"
"Philippines","2007-3-16","13.98"
"Philippines","2007-3-17","122.71"
"Philippines","2007-3-18","95.80"
"Philippines","2007-3-19","100.77"
"Philippines","2007-3-2","102.79"
"Philippines","2007-3-20","101.77"
"Philippines","2007-3-21","109.75"
"Philippines","2007-3-22","103.74"
"Philippines","2007-3-23","69.86"
"Philippines","2007-4-10","100.75"
"Philippines","2007-4-11","46.83"
"Philippines","2007-4-12","42.88"
"Philippines","2007-4-26","15.96"
"Philippines","2007-4-27","70.81"
"Philippines","2007-4-28","75.78"
"Philippines","2007-4-29","58.85"
"Philippines","2007-4-30","245.45"
"Philippines","2007-4-5","3.99"
"Philippines","2007-4-6","44.85"
"Philippines","2007-4-7","51.89"
"Philippines","2007-4-8","88.81"
"Philippines","2007-4-9","81.80"
"Philippines","2007-5-14","25.90"
"Poland","2007-2-15","8.98"
"Poland","2007-2-16","4.99"
"Poland","2007-2-17","32.93"
"Poland","2007-2-18","21.94"
"Poland","2007-2-19","5.98"
"Poland","2007-2-20","19.96"
"Poland","2007-2-21","29.96"
"Poland","2007-3-1","32.92"
"Poland","2007-3-16","10.98"
"Poland","2007-3-17","24.92"
"Poland","2007-3-18","16.94"
"Poland","2007-3-19","30.91"
"Poland","2007-3-2","37.90"
"Poland","2007-3-20","25.93"
"Poland","2007-3-21","25.94"
"Poland","2007-3-22","29.93"
"Poland","2007-3-23","35.93"
"Poland","2007-4-10","27.94"
"Poland","2007-4-11","21.96"
"Poland","2007-4-12","48.92"
"Poland","2007-4-27","32.91"
"Poland","2007-4-28","24.93"
"Poland","2007-4-29","30.90"
"Poland","2007-4-30","78.83"
"Poland","2007-4-5","3.99"
"Poland","2007-4-6","64.87"
"Poland","2007-4-7","19.97"
"Poland","2007-4-8","16.95"
"Poland","2007-4-9","16.95"
"Puerto Rico","2007-2-15","0.99"
"Puerto Rico","2007-2-18","6.99"
"Puerto Rico","2007-2-19","10.98"
"Puerto Rico","2007-3-1","2.99"
"Puerto Rico","2007-3-16","4.99"
"Puerto Rico","2007-3-17","5.99"
"Puerto Rico","2007-3-18","6.98"
"Puerto Rico","2007-3-19","14.97"
"Puerto Rico","2007-3-2","9.98"
"Puerto Rico","2007-3-20","10.98"
"Puerto Rico","2007-3-21","4.99"
"Puerto Rico","2007-3-22","2.99"
"Puerto Rico","2007-3-23","4.99"
"Puerto Rico","2007-4-10","12.97"
"Puerto Rico","2007-4-11","0.99"
"Puerto Rico","2007-4-12","5.99"
"Puerto Rico","2007-4-27","19.96"
"Puerto Rico","2007-4-28","23.95"
"Puerto Rico","2007-4-29","5.97"
"Puerto Rico","2007-4-30","24.94"
"Puerto Rico","2007-4-6","5.98"
"Puerto Rico","2007-4-7","20.96"
"Puerto Rico","2007-4-9","12.97"
"Puerto Rico","2007-5-14","0.99"
"Romania","2007-2-15","8.98"
"Romania","2007-2-16","5.98"
"Romania","2007-2-18","8.99"
"Romania","2007-2-19","2.97"
"Romania","2007-3-1","2.99"
"Romania","2007-3-16","5.99"
"Romania","2007-3-17","7.96"
"Romania","2007-3-18","10.97"
"Romania","2007-3-19","2.99"
"Romania","2007-3-2","5.99"
"Romania","2007-3-20","16.97"
"Romania","2007-3-21","7.98"
"Romania","2007-3-23","9.97"
"Romania","2007-4-11","10.97"
"Romania","2007-4-27","10.97"
"Romania","2007-4-28","6.98"
"Romania","2007-4-29","24.95"
"Romania","2007-4-30","17.97"
"Romania","2007-4-7","2.98"
"Romania","2007-4-8","34.91"
"Romania","2007-4-9","9.96"
"Runion","2007-2-15","8.98"
"Runion","2007-2-19","13.97"
"Runion","2007-3-1","6.99"
"Runion","2007-3-17","3.98"
"Runion","2007-3-18","3.99"
"Runion","2007-3-19","13.98"
"Runion","2007-3-2","10.99"
"Runion","2007-3-20","0.99"
"Runion","2007-3-21","15.96"
"Runion","2007-3-22","22.96"
"Runion","2007-3-23","7.98"
"Runion","2007-4-11","1.99"
"Runion","2007-4-12","19.98"
"Runion","2007-4-28","20.96"
"Runion","2007-4-29","18.96"
"Runion","2007-4-30","20.95"
"Runion","2007-4-6","0.99"
"Runion","2007-4-7","0.99"
"Runion","2007-4-8","5.98"
"Runion","2007-4-9","9.98"
"Russian Federation","2007-2-14","7.98"
"Russian Federation","2007-2-15","65.83"
"Russian Federation","2007-2-16","55.89"
"Russian Federation","2007-2-17","49.87"
"Russian Federation","2007-2-18","35.91"
"Russian Federation","2007-2-19","60.84"
"Russian Federation","2007-2-20","49.86"
"Russian Federation","2007-2-21","44.91"
"Russian Federation","2007-3-1","150.66"
"Russian Federation","2007-3-16","6.97"
"Russian Federation","2007-3-17","111.76"
"Russian Federation","2007-3-18","117.68"
"Russian Federation","2007-3-19","102.70"
"Russian Federation","2007-3-2","82.79"
"Russian Federation","2007-3-20","66.86"
"Russian Federation","2007-3-21","75.82"
"Russian Federation","2007-3-22","122.72"
"Russian Federation","2007-3-23","121.72"
"Russian Federation","2007-4-10","123.74"
"Russian Federation","2007-4-11","72.82"
"Russian Federation","2007-4-12","102.77"
"Russian Federation","2007-4-26","12.97"
"Russian Federation","2007-4-27","98.77"
"Russian Federation","2007-4-28","161.67"
"Russian Federation","2007-4-29","141.70"
"Russian Federation","2007-4-30","304.35"
"Russian Federation","2007-4-5","8.97"
"Russian Federation","2007-4-6","82.83"
"Russian Federation","2007-4-7","53.83"
"Russian Federation","2007-4-8","149.71"
"Russian Federation","2007-4-9","112.76"
"Russian Federation","2007-5-14","7.96"
"Saint Vincent and the Grenadines","2007-3-1","0.99"
"Saint Vincent and the Grenadines","2007-3-19","2.99"
"Saint Vincent and the Grenadines","2007-3-2","13.96"
"Saint Vincent and the Grenadines","2007-4-27","2.99"
"Saint Vincent and the Grenadines","2007-4-28","7.98"
"Saint Vincent and the Grenadines","2007-4-29","13.97"
"Saint Vincent and the Grenadines","2007-4-30","6.97"
"Saint Vincent and the Grenadines","2007-4-6","0.99"
"Saint Vincent and the Grenadines","2007-4-7","7.99"
"Saint Vincent and the Grenadines","2007-4-9","5.99"
"Saudi Arabia","2007-2-14","0.99"
"Saudi Arabia","2007-2-15","9.99"
"Saudi Arabia","2007-2-16","7.98"
"Saudi Arabia","2007-2-17","3.99"
"Saudi Arabia","2007-2-18","4.99"
"Saudi Arabia","2007-2-21","4.99"
"Saudi Arabia","2007-3-1","18.93"
"Saudi Arabia","2007-3-17","22.94"
"Saudi Arabia","2007-3-18","24.95"
"Saudi Arabia","2007-3-19","6.97"
"Saudi Arabia","2007-3-2","26.95"
"Saudi Arabia","2007-3-20","16.96"
"Saudi Arabia","2007-3-21","37.91"
"Saudi Arabia","2007-3-22","11.96"
"Saudi Arabia","2007-3-23","11.97"
"Saudi Arabia","2007-4-10","8.98"
"Saudi Arabia","2007-4-11","29.95"
"Saudi Arabia","2007-4-12","18.96"
"Saudi Arabia","2007-4-27","23.96"
"Saudi Arabia","2007-4-28","25.96"
"Saudi Arabia","2007-4-29","37.91"
"Saudi Arabia","2007-4-30","32.92"
"Saudi Arabia","2007-4-6","15.95"
"Saudi Arabia","2007-4-7","13.97"
"Saudi Arabia","2007-4-8","6.98"
"Saudi Arabia","2007-4-9","20.95"
"Saudi Arabia","2007-5-14","3.98"
"Senegal","2007-2-15","2.99"
"Senegal","2007-2-16","0.99"
"Senegal","2007-2-17","12.98"
"Senegal","2007-2-18","5.98"
"Senegal","2007-2-19","2.99"
"Senegal","2007-3-1","8.98"
"Senegal","2007-3-18","4.99"
"Senegal","2007-3-19","13.98"
"Senegal","2007-3-20","4.99"
"Senegal","2007-3-21","4.98"
"Senegal","2007-3-23","6.98"
"Senegal","2007-4-10","0.99"
"Senegal","2007-4-11","0.99"
"Senegal","2007-4-27","2.99"
"Senegal","2007-4-29","4.99"
"Senegal","2007-4-6","10.98"
"Senegal","2007-4-7","3.99"
"Slovakia","2007-2-15","5.99"
"Slovakia","2007-2-16","1.99"
"Slovakia","2007-2-17","8.98"
"Slovakia","2007-3-1","13.96"
"Slovakia","2007-3-2","2.99"
"Slovakia","2007-3-22","0.99"
"Slovakia","2007-3-23","2.99"
"Slovakia","2007-4-10","0.99"
"Slovakia","2007-4-11","16.97"
"Slovakia","2007-4-12","0.99"
"Slovakia","2007-4-27","8.98"
"Slovakia","2007-4-28","5.98"
"Slovakia","2007-4-30","3.99"
"Slovakia","2007-4-6","3.99"
"Slovakia","2007-4-7","0.99"
"South Africa","2007-2-14","5.99"
"South Africa","2007-2-15","16.96"
"South Africa","2007-2-16","19.94"
"South Africa","2007-2-17","6.98"
"South Africa","2007-2-18","26.94"
"South Africa","2007-2-19","24.93"
"South Africa","2007-2-20","30.94"
"South Africa","2007-2-21","9.97"
"South Africa","2007-3-1","54.86"
"South Africa","2007-3-16","19.97"
"South Africa","2007-3-17","84.78"
"South Africa","2007-3-18","42.90"
"South Africa","2007-3-19","41.91"
"South Africa","2007-3-2","41.91"
"South Africa","2007-3-20","63.89"
"South Africa","2007-3-21","28.94"
"South Africa","2007-3-22","40.90"
"South Africa","2007-3-23","33.92"
"South Africa","2007-4-10","36.93"
"South Africa","2007-4-11","43.89"
"South Africa","2007-4-12","21.95"
"South Africa","2007-4-26","1.99"
"South Africa","2007-4-27","39.90"
"South Africa","2007-4-28","44.86"
"South Africa","2007-4-29","21.92"
"South Africa","2007-4-30","103.77"
"South Africa","2007-4-5","0.99"
"South Africa","2007-4-6","33.91"
"South Africa","2007-4-7","38.92"
"South Africa","2007-4-8","38.91"
"South Africa","2007-4-9","39.90"
"South Africa","2007-5-14","4.99"
"South Korea","2007-2-15","7.96"
"South Korea","2007-2-16","9.98"
"South Korea","2007-2-17","10.97"
"South Korea","2007-2-18","16.96"
"South Korea","2007-2-19","2.99"
"South Korea","2007-2-20","5.98"
"South Korea","2007-3-1","10.97"
"South Korea","2007-3-17","22.96"
"South Korea","2007-3-18","9.97"
"South Korea","2007-3-19","9.98"
"South Korea","2007-3-2","38.92"
"South Korea","2007-3-20","28.95"
"South Korea","2007-3-21","3.99"
"South Korea","2007-3-22","27.95"
"South Korea","2007-3-23","23.95"
"South Korea","2007-4-10","7.98"
"South Korea","2007-4-11","20.95"
"South Korea","2007-4-12","17.96"
"South Korea","2007-4-26","0.99"
"South Korea","2007-4-27","48.90"
"South Korea","2007-4-28","25.95"
"South Korea","2007-4-29","51.89"
"South Korea","2007-4-30","54.87"
"South Korea","2007-4-5","6.97"
"South Korea","2007-4-6","22.95"
"South Korea","2007-4-7","10.97"
"South Korea","2007-4-8","13.96"
"South Korea","2007-4-9","6.97"
"South Korea","2007-5-14","3.98"
"Spain","2007-2-15","10.97"
"Spain","2007-2-16","9.99"
"Spain","2007-2-17","2.99"
"Spain","2007-2-18","0.99"
"Spain","2007-2-19","2.99"
"Spain","2007-2-20","4.99"
"Spain","2007-3-1","25.90"
"Spain","2007-3-17","20.94"
"Spain","2007-3-18","38.92"
"Spain","2007-3-19","16.96"
"Spain","2007-3-2","3.97"
"Spain","2007-3-20","18.96"
"Spain","2007-3-21","28.93"
"Spain","2007-3-22","20.97"
"Spain","2007-3-23","37.94"
"Spain","2007-4-10","18.96"
"Spain","2007-4-11","28.95"
"Spain","2007-4-12","4.99"
"Spain","2007-4-26","3.99"
"Spain","2007-4-27","42.92"
"Spain","2007-4-28","10.97"
"Spain","2007-4-29","18.95"
"Spain","2007-4-30","45.89"
"Spain","2007-4-5","18.97"
"Spain","2007-4-6","21.94"
"Spain","2007-4-7","13.95"
"Spain","2007-4-8","11.98"
"Spain","2007-4-9","14.95"
"Spain","2007-5-14","9.98"
"Sri Lanka","2007-2-18","4.99"
"Sri Lanka","2007-2-19","5.98"
"Sri Lanka","2007-3-17","2.99"
"Sri Lanka","2007-3-18","7.98"
"Sri Lanka","2007-3-19","0.99"
"Sri Lanka","2007-3-2","2.99"
"Sri Lanka","2007-3-20","14.97"
"Sri Lanka","2007-3-21","4.99"
"Sri Lanka","2007-3-23","11.97"
"Sri Lanka","2007-4-11","5.98"
"Sri Lanka","2007-4-12","2.99"
"Sri Lanka","2007-4-27","4.99"
"Sri Lanka","2007-4-28","9.98"
"Sri Lanka","2007-4-29","10.98"
"Sri Lanka","2007-4-30","5.98"
"Sri Lanka","2007-4-7","3.99"
"Sri Lanka","2007-4-9","0.99"
"Sudan","2007-2-15","3.98"
"Sudan","2007-2-16","6.97"
"Sudan","2007-2-20","8.97"
"Sudan","2007-2-21","7.98"
"Sudan","2007-3-1","12.98"
"Sudan","2007-3-17","0.99"
"Sudan","2007-3-18","6.99"
"Sudan","2007-3-19","7.99"
"Sudan","2007-3-2","3.99"
"Sudan","2007-3-20","4.99"
"Sudan","2007-3-21","6.98"
"Sudan","2007-3-22","9.98"
"Sudan","2007-3-23","13.96"
"Sudan","2007-4-10","21.97"
"Sudan","2007-4-12","9.98"
"Sudan","2007-4-27","4.99"
"Sudan","2007-4-28","12.96"
"Sudan","2007-4-29","5.99"
"Sudan","2007-4-30","27.94"
"Sudan","2007-4-6","0.99"
"Sudan","2007-4-7","13.97"
"Sudan","2007-4-9","6.97"
"Sweden","2007-2-15","2.99"
"Sweden","2007-2-17","7.98"
"Sweden","2007-2-19","7.98"
"Sweden","2007-2-21","10.98"
"Sweden","2007-3-1","0.99"
"Sweden","2007-3-17","6.98"
"Sweden","2007-3-18","0.99"
"Sweden","2007-3-2","8.98"
"Sweden","2007-3-20","5.98"
"Sweden","2007-3-21","10.97"
"Sweden","2007-3-22","4.99"
"Sweden","2007-3-23","8.99"
"Sweden","2007-4-10","0.99"
"Sweden","2007-4-11","18.97"
"Sweden","2007-4-26","2.99"
"Sweden","2007-4-28","2.99"
"Sweden","2007-4-30","5.99"
"Sweden","2007-4-6","7.98"
"Sweden","2007-4-7","14.97"
"Sweden","2007-4-8","5.99"
"Switzerland","2007-2-15","1.99"
"Switzerland","2007-2-16","7.99"
"Switzerland","2007-2-17","7.99"
"Switzerland","2007-2-19","4.99"
"Switzerland","2007-2-20","2.99"
"Switzerland","2007-2-21","4.99"
"Switzerland","2007-3-1","0.99"
"Switzerland","2007-3-17","15.98"
"Switzerland","2007-3-18","2.99"
"Switzerland","2007-3-19","0.99"
"Switzerland","2007-3-2","8.97"
"Switzerland","2007-3-20","0.99"
"Switzerland","2007-3-21","15.96"
"Switzerland","2007-3-22","19.95"
"Switzerland","2007-3-23","1.99"
"Switzerland","2007-4-10","5.99"
"Switzerland","2007-4-11","18.96"
"Switzerland","2007-4-12","14.96"
"Switzerland","2007-4-27","24.94"
"Switzerland","2007-4-28","18.96"
"Switzerland","2007-4-29","10.97"
"Switzerland","2007-4-30","25.95"
"Switzerland","2007-4-6","12.97"
"Switzerland","2007-4-7","4.99"
"Switzerland","2007-4-9","1.99"
"Switzerland","2007-5-14","7.98"
"Taiwan","2007-2-14","2.99"
"Taiwan","2007-2-15","12.96"
"Taiwan","2007-2-16","31.92"
"Taiwan","2007-2-17","36.93"
"Taiwan","2007-2-18","14.96"
"Taiwan","2007-2-19","31.92"
"Taiwan","2007-2-20","22.95"
"Taiwan","2007-2-21","16.97"
"Taiwan","2007-3-1","60.86"
"Taiwan","2007-3-17","36.92"
"Taiwan","2007-3-18","44.85"
"Taiwan","2007-3-19","43.88"
"Taiwan","2007-3-2","50.87"
"Taiwan","2007-3-20","37.90"
"Taiwan","2007-3-21","38.89"
"Taiwan","2007-3-22","32.93"
"Taiwan","2007-3-23","51.84"
"Taiwan","2007-4-10","24.94"
"Taiwan","2007-4-11","17.95"
"Taiwan","2007-4-12","52.85"
"Taiwan","2007-4-27","39.88"
"Taiwan","2007-4-28","75.83"
"Taiwan","2007-4-29","39.92"
"Taiwan","2007-4-30","100.75"
"Taiwan","2007-4-5","11.98"
"Taiwan","2007-4-6","40.90"
"Taiwan","2007-4-7","26.93"
"Taiwan","2007-4-8","54.85"
"Taiwan","2007-4-9","78.85"
"Taiwan","2007-5-14","18.93"
"Tanzania","2007-2-14","2.99"
"Tanzania","2007-2-15","5.98"
"Tanzania","2007-2-16","0.99"
"Tanzania","2007-2-17","4.99"
"Tanzania","2007-2-18","4.99"
"Tanzania","2007-2-19","3.99"
"Tanzania","2007-2-21","10.97"
"Tanzania","2007-3-1","4.99"
"Tanzania","2007-3-17","31.93"
"Tanzania","2007-3-18","8.97"
"Tanzania","2007-3-19","15.96"
"Tanzania","2007-3-2","38.91"
"Tanzania","2007-3-20","15.95"
"Tanzania","2007-3-21","14.95"
"Tanzania","2007-3-23","4.99"
"Tanzania","2007-4-10","9.96"
"Tanzania","2007-4-11","1.98"
"Tanzania","2007-4-12","12.98"
"Tanzania","2007-4-27","18.96"
"Tanzania","2007-4-28","34.95"
"Tanzania","2007-4-29","5.98"
"Tanzania","2007-4-30","30.95"
"Tanzania","2007-4-6","6.98"
"Tanzania","2007-4-7","5.98"
"Tanzania","2007-4-8","16.96"
"Tanzania","2007-5-14","4.99"
"Thailand","2007-2-15","6.98"
"Thailand","2007-2-16","8.97"
"Thailand","2007-2-17","17.95"
"Thailand","2007-2-18","17.97"
"Thailand","2007-2-20","6.98"
"Thailand","2007-2-21","4.99"
"Thailand","2007-3-1","26.95"
"Thailand","2007-3-17","6.98"
"Thailand","2007-3-18","13.96"
"Thailand","2007-3-19","17.96"
"Thailand","2007-3-2","5.99"
"Thailand","2007-3-20","32.92"
"Thailand","2007-3-21","7.99"
"Thailand","2007-3-22","26.95"
"Thailand","2007-3-23","7.98"
"Thailand","2007-4-10","12.98"
"Thailand","2007-4-11","8.97"
"Thailand","2007-4-12","10.98"
"Thailand","2007-4-26","0.99"
"Thailand","2007-4-27","16.96"
"Thailand","2007-4-28","21.96"
"Thailand","2007-4-29","20.94"
"Thailand","2007-4-30","34.93"
"Thailand","2007-4-6","8.97"
"Thailand","2007-4-7","17.95"
"Thailand","2007-4-8","15.98"
"Thailand","2007-4-9","11.97"
"Thailand","2007-5-14","5.98"
"Tonga","2007-2-15","8.98"
"Tonga","2007-2-16","0.99"
"Tonga","2007-3-18","5.99"
"Tonga","2007-3-19","8.98"
"Tonga","2007-3-2","5.99"
"Tonga","2007-3-21","1.98"
"Tonga","2007-3-22","2.99"
"Tonga","2007-4-11","5.99"
"Tonga","2007-4-27","4.99"
"Tonga","2007-4-29","2.99"
"Tonga","2007-4-30","4.99"
"Tonga","2007-4-7","9.98"
"Tunisia","2007-3-1","4.99"
"Tunisia","2007-3-19","0.99"
"Tunisia","2007-3-20","4.98"
"Tunisia","2007-3-22","5.98"
"Tunisia","2007-4-10","2.99"
"Tunisia","2007-4-12","8.98"
"Tunisia","2007-4-29","6.98"
"Tunisia","2007-4-30","11.97"
"Tunisia","2007-4-6","1.98"
"Tunisia","2007-4-7","16.97"
"Tunisia","2007-4-9","5.98"
"Tunisia","2007-5-14","0.99"
"Turkey","2007-2-15","11.95"
"Turkey","2007-2-16","25.95"
"Turkey","2007-2-17","40.90"
"Turkey","2007-2-18","22.93"
"Turkey","2007-2-19","23.92"
"Turkey","2007-2-20","22.96"
"Turkey","2007-2-21","14.97"
"Turkey","2007-3-1","60.85"
"Turkey","2007-3-16","7.98"
"Turkey","2007-3-17","31.92"
"Turkey","2007-3-18","64.86"
"Turkey","2007-3-19","81.80"
"Turkey","2007-3-2","70.85"
"Turkey","2007-3-20","57.86"
"Turkey","2007-3-21","60.86"
"Turkey","2007-3-22","80.82"
"Turkey","2007-3-23","63.87"
"Turkey","2007-4-10","18.94"
"Turkey","2007-4-11","68.85"
"Turkey","2007-4-12","88.79"
"Turkey","2007-4-26","11.97"
"Turkey","2007-4-27","85.79"
"Turkey","2007-4-28","104.78"
"Turkey","2007-4-29","61.84"
"Turkey","2007-4-30","118.72"
"Turkey","2007-4-5","7.99"
"Turkey","2007-4-6","48.87"
"Turkey","2007-4-7","42.90"
"Turkey","2007-4-8","70.86"
"Turkey","2007-4-9","11.97"
"Turkey","2007-5-14","10.97"
"Turkmenistan","2007-2-15","6.98"
"Turkmenistan","2007-2-17","6.99"
"Turkmenistan","2007-2-18","4.99"
"Turkmenistan","2007-2-19","8.98"
"Turkmenistan","2007-2-20","3.99"
"Turkmenistan","2007-3-1","2.99"
"Turkmenistan","2007-3-2","8.99"
"Turkmenistan","2007-3-20","16.98"
"Turkmenistan","2007-3-21","6.99"
"Turkmenistan","2007-3-23","17.97"
"Turkmenistan","2007-4-11","8.97"
"Turkmenistan","2007-4-26","3.99"
"Turkmenistan","2007-4-27","2.99"
"Turkmenistan","2007-4-29","6.98"
"Turkmenistan","2007-4-30","6.99"
"Turkmenistan","2007-4-6","4.99"
"Turkmenistan","2007-4-9","2.99"
"Turkmenistan","2007-5-14","2.99"
"Tuvalu","2007-2-16","3.99"
"Tuvalu","2007-2-17","3.99"
"Tuvalu","2007-2-19","3.99"
"Tuvalu","2007-3-1","4.99"
"Tuvalu","2007-3-18","0.99"
"Tuvalu","2007-3-19","9.98"
"Tuvalu","2007-3-20","3.98"
"Tuvalu","2007-3-23","12.97"
"Tuvalu","2007-4-10","7.98"
"Tuvalu","2007-4-12","4.99"
"Tuvalu","2007-4-27","2.99"
"Tuvalu","2007-4-30","22.96"
"Tuvalu","2007-4-9","9.98"
"Ukraine","2007-2-15","12.97"
"Ukraine","2007-2-16","29.93"
"Ukraine","2007-2-17","3.98"
"Ukraine","2007-2-18","8.99"
"Ukraine","2007-2-19","16.96"
"Ukraine","2007-2-21","6.97"
"Ukraine","2007-3-1","23.93"
"Ukraine","2007-3-17","30.92"
"Ukraine","2007-3-18","59.90"
"Ukraine","2007-3-19","22.94"
"Ukraine","2007-3-2","16.96"
"Ukraine","2007-3-20","34.94"
"Ukraine","2007-3-21","3.98"
"Ukraine","2007-3-22","25.95"
"Ukraine","2007-3-23","27.92"
"Ukraine","2007-4-10","34.92"
"Ukraine","2007-4-11","33.92"
"Ukraine","2007-4-12","11.98"
"Ukraine","2007-4-27","21.96"
"Ukraine","2007-4-28","42.92"
"Ukraine","2007-4-29","28.94"
"Ukraine","2007-4-30","62.86"
"Ukraine","2007-4-5","2.99"
"Ukraine","2007-4-6","48.93"
"Ukraine","2007-4-7","13.98"
"Ukraine","2007-4-8","17.97"
"Ukraine","2007-4-9","26.92"
"United Arab Emirates","2007-2-15","14.97"
"United Arab Emirates","2007-2-16","9.98"
"United Arab Emirates","2007-2-18","12.95"
"United Arab Emirates","2007-2-19","5.98"
"United Arab Emirates","2007-2-21","4.99"
"United Arab Emirates","2007-3-1","3.99"
"United Arab Emirates","2007-3-17","17.96"
"United Arab Emirates","2007-3-18","22.96"
"United Arab Emirates","2007-3-19","4.99"
"United Arab Emirates","2007-3-2","11.96"
"United Arab Emirates","2007-3-20","6.98"
"United Arab Emirates","2007-3-21","3.97"
"United Arab Emirates","2007-3-22","7.98"
"United Arab Emirates","2007-3-23","8.98"
"United Arab Emirates","2007-4-10","4.99"
"United Arab Emirates","2007-4-11","8.99"
"United Arab Emirates","2007-4-12","6.99"
"United Arab Emirates","2007-4-26","5.98"
"United Arab Emirates","2007-4-27","16.95"
"United Arab Emirates","2007-4-28","14.97"
"United Arab Emirates","2007-4-29","23.95"
"United Arab Emirates","2007-4-30","26.95"
"United Arab Emirates","2007-4-6","22.95"
"United Arab Emirates","2007-4-7","13.96"
"United Arab Emirates","2007-4-8","5.98"
"United Arab Emirates","2007-4-9","8.96"
"United Arab Emirates","2007-5-14","4.99"
"United Kingdom","2007-2-14","6.99"
"United Kingdom","2007-2-15","11.97"
"United Kingdom","2007-2-16","8.98"
"United Kingdom","2007-2-17","44.93"
"United Kingdom","2007-2-18","34.94"
"United Kingdom","2007-2-19","36.92"
"United Kingdom","2007-2-20","22.94"
"United Kingdom","2007-2-21","14.95"
"United Kingdom","2007-3-1","57.86"
"United Kingdom","2007-3-17","24.93"
"United Kingdom","2007-3-18","22.96"
"United Kingdom","2007-3-19","46.89"
"United Kingdom","2007-3-2","29.93"
"United Kingdom","2007-3-20","18.93"
"United Kingdom","2007-3-21","28.92"
"United Kingdom","2007-3-22","25.93"
"United Kingdom","2007-3-23","19.93"
"United Kingdom","2007-4-10","15.96"
"United Kingdom","2007-4-11","9.96"
"United Kingdom","2007-4-12","10.97"
"United Kingdom","2007-4-27","26.90"
"United Kingdom","2007-4-28","32.93"
"United Kingdom","2007-4-29","67.87"
"United Kingdom","2007-4-30","81.85"
"United Kingdom","2007-4-5","2.99"
"United Kingdom","2007-4-6","21.95"
"United Kingdom","2007-4-7","30.92"
"United Kingdom","2007-4-8","47.87"
"United Kingdom","2007-4-9","29.93"
"United Kingdom","2007-5-14","11.96"
"United States","2007-2-14","2.99"
"United States","2007-2-15","68.80"
"United States","2007-2-16","49.84"
"United States","2007-2-17","101.76"
"United States","2007-2-18","77.79"
"United States","2007-2-19","63.83"
"United States","2007-2-20","78.85"
"United States","2007-2-21","30.91"
"United States","2007-3-1","204.53"
"United States","2007-3-16","30.94"
"United States","2007-3-17","182.60"
"United States","2007-3-18","137.61"
"United States","2007-3-19","149.67"
"United States","2007-3-2","169.58"
"United States","2007-3-20","146.63"
"United States","2007-3-21","208.55"
"United States","2007-3-22","107.75"
"United States","2007-3-23","181.59"
"United States","2007-4-10","101.76"
"United States","2007-4-11","135.74"
"United States","2007-4-12","115.69"
"United States","2007-4-26","18.96"
"United States","2007-4-27","153.64"
"United States","2007-4-28","156.63"
"United States","2007-4-29","155.67"
"United States","2007-4-30","333.24"
"United States","2007-4-5","21.96"
"United States","2007-4-6","112.73"
"United States","2007-4-7","92.81"
"United States","2007-4-8","135.66"
"United States","2007-4-9","127.71"
"United States","2007-5-14","28.89"
"Venezuela","2007-2-15","9.97"
"Venezuela","2007-2-16","20.96"
"Venezuela","2007-2-17","9.97"
"Venezuela","2007-2-18","18.96"
"Venezuela","2007-2-19","17.96"
"Venezuela","2007-2-20","24.95"
"Venezuela","2007-2-21","11.96"
"Venezuela","2007-3-1","29.91"
"Venezuela","2007-3-16","0.99"
"Venezuela","2007-3-17","25.96"
"Venezuela","2007-3-18","25.94"
"Venezuela","2007-3-19","20.93"
"Venezuela","2007-3-2","22.94"
"Venezuela","2007-3-20","35.93"
"Venezuela","2007-3-21","18.96"
"Venezuela","2007-3-22","20.94"
"Venezuela","2007-3-23","16.95"
"Venezuela","2007-4-10","19.95"
"Venezuela","2007-4-11","0.99"
"Venezuela","2007-4-12","24.94"
"Venezuela","2007-4-26","4.99"
"Venezuela","2007-4-27","15.95"
"Venezuela","2007-4-28","12.96"
"Venezuela","2007-4-29","24.95"
"Venezuela","2007-4-30","76.82"
"Venezuela","2007-4-5","1.99"
"Venezuela","2007-4-6","20.96"
"Venezuela","2007-4-7","31.90"
"Venezuela","2007-4-8","9.97"
"Venezuela","2007-4-9","45.90"
"Venezuela","2007-5-14","5.98"
"Vietnam","2007-2-15","10.97"
"Vietnam","2007-2-16","18.97"
"Vietnam","2007-2-17","9.98"
"Vietnam","2007-2-18","8.99"
"Vietnam","2007-2-19","23.95"
"Vietnam","2007-2-20","5.98"
"Vietnam","2007-2-21","1.98"
"Vietnam","2007-3-1","58.88"
"Vietnam","2007-3-16","0.99"
"Vietnam","2007-3-17","15.97"
"Vietnam","2007-3-18","36.92"
"Vietnam","2007-3-19","42.90"
"Vietnam","2007-3-2","17.95"
"Vietnam","2007-3-20","13.97"
"Vietnam","2007-3-21","36.91"
"Vietnam","2007-3-22","32.90"
"Vietnam","2007-3-23","20.96"
"Vietnam","2007-4-10","44.92"
"Vietnam","2007-4-11","34.94"
"Vietnam","2007-4-12","24.94"
"Vietnam","2007-4-27","18.95"
"Vietnam","2007-4-28","11.96"
"Vietnam","2007-4-29","34.91"
"Vietnam","2007-4-30","48.88"
"Vietnam","2007-4-5","12.98"
"Vietnam","2007-4-6","6.99"
"Vietnam","2007-4-7","8.97"
"Vietnam","2007-4-8","27.94"
"Vietnam","2007-4-9","31.93"
"Vietnam","2007-5-14","8.97"
"Virgin Islands, U.S.","2007-2-17","8.98"
"Virgin Islands, U.S.","2007-2-18","3.98"
"Virgin Islands, U.S.","2007-2-19","0.99"
"Virgin Islands, U.S.","2007-2-20","7.99"
"Virgin Islands, U.S.","2007-2-21","4.99"
"Virgin Islands, U.S.","2007-3-1","1.99"
"Virgin Islands, U.S.","2007-3-17","4.99"
"Virgin Islands, U.S.","2007-3-18","5.99"
"Virgin Islands, U.S.","2007-3-21","12.97"
"Virgin Islands, U.S.","2007-4-10","0.99"
"Virgin Islands, U.S.","2007-4-11","2.99"
"Virgin Islands, U.S.","2007-4-27","23.96"
"Virgin Islands, U.S.","2007-4-28","4.99"
"Virgin Islands, U.S.","2007-4-29","4.97"
"Virgin Islands, U.S.","2007-4-30","19.95"
"Virgin Islands, U.S.","2007-4-7","4.99"
"Virgin Islands, U.S.","2007-4-9","5.98"
"Yemen","2007-2-14","2.99"
"Yemen","2007-2-15","2.97"
"Yemen","2007-2-16","7.99"
"Yemen","2007-2-17","4.99"
"Yemen","2007-2-18","6.98"
"Yemen","2007-2-19","7.98"
"Yemen","2007-2-20","9.98"
"Yemen","2007-2-21","5.98"
"Yemen","2007-3-1","8.97"
"Yemen","2007-3-17","18.93"
"Yemen","2007-3-18","32.95"
"Yemen","2007-3-19","18.95"
"Yemen","2007-3-2","11.97"
"Yemen","2007-3-20","9.98"
"Yemen","2007-3-21","37.94"
"Yemen","2007-3-22","4.99"
"Yemen","2007-3-23","13.97"
"Yemen","2007-4-10","0.99"
"Yemen","2007-4-11","26.94"
"Yemen","2007-4-12","9.97"
"Yemen","2007-4-26","16.98"
"Yemen","2007-4-27","8.97"
"Yemen","2007-4-28","11.97"
"Yemen","2007-4-29","46.90"
"Yemen","2007-4-30","31.93"
"Yemen","2007-4-6","30.94"
"Yemen","2007-4-7","22.94"
"Yemen","2007-4-8","37.94"
"Yemen","2007-4-9","15.96"
"Yemen","2007-5-14","2.99"
"Yugoslavia","2007-2-16","4.98"
"Yugoslavia","2007-2-18","11.98"
"Yugoslavia","2007-2-19","0.99"
"Yugoslavia","2007-2-20","12.97"
"Yugoslavia","2007-3-1","22.96"
"Yugoslavia","2007-3-16","7.99"
"Yugoslavia","2007-3-17","4.99"
"Yugoslavia","2007-3-18","11.98"
"Yugoslavia","2007-3-19","5.98"
"Yugoslavia","2007-3-2","3.99"
"Yugoslavia","2007-3-20","3.98"
"Yugoslavia","2007-3-21","5.99"
"Yugoslavia","2007-3-22","4.99"
"Yugoslavia","2007-3-23","0.99"
"Yugoslavia","2007-4-10","7.99"
"Yugoslavia","2007-4-11","7.97"
"Yugoslavia","2007-4-12","11.97"
"Yugoslavia","2007-4-28","4.99"
"Yugoslavia","2007-4-29","5.99"
"Yugoslavia","2007-4-30","15.97"
"Yugoslavia","2007-4-5","6.99"
"Yugoslavia","2007-4-6","28.94"
"Yugoslavia","2007-4-7","7.98"
"Yugoslavia","2007-4-8","20.95"
"Yugoslavia","2007-4-9","8.99"
"Zambia","2007-2-15","4.99"
"Zambia","2007-2-16","0.99"
"Zambia","2007-2-18","0.99"
"Zambia","2007-2-19","4.99"
"Zambia","2007-2-21","5.98"
"Zambia","2007-3-1","11.98"
"Zambia","2007-3-17","9.98"
"Zambia","2007-3-18","0.99"
"Zambia","2007-3-19","12.98"
"Zambia","2007-3-21","5.99"
"Zambia","2007-3-23","5.99"
"Zambia","2007-4-10","2.99"
"Zambia","2007-4-11","4.99"
"Zambia","2007-4-12","8.98"
"Zambia","2007-4-27","11.97"
"Zambia","2007-4-29","2.99"
"Zambia","2007-4-30","4.98"
"Zambia","2007-4-7","7.98"
"Zambia","2007-4-9","9.98"
"Zambia","2007-5-14","0.99"
